year,season,type,category,group,name,title,funding,note,chairman,committee
104,,專案,海外藝遊專案,,李奧森,快速移動的密室日夜─深探波俄當代藝術與抵抗力量,,,蘇瑤華,陳麗娟、李亞梅、林采韻、傅裕惠、趙玉玲、吳家恆
104,,專案,海外藝遊專案,,林蒼玄,追尋當代首飾版圖的起源-歐洲金工工藝參訪,,,蘇瑤華,陳麗娟、李亞梅、林采韻、傅裕惠、趙玉玲、吳家恆
104,,專案,海外藝遊專案,,王莞茹,找回創作的本質─墨爾本藝術深訪,,,蘇瑤華,陳麗娟、李亞梅、林采韻、傅裕惠、趙玉玲、吳家恆
104,,專案,海外藝遊專案,,陳信達,歐洲馬戲是藝術！臺灣馬戲是藝術？,,,蘇瑤華,陳麗娟、李亞梅、林采韻、傅裕惠、趙玉玲、吳家恆
104,,專案,海外藝遊專案,,巫培誠,作為一種反思：聲探甘美朗,,,蘇瑤華,陳麗娟、李亞梅、林采韻、傅裕惠、趙玉玲、吳家恆
104,,專案,海外藝遊專案,,陳怡錚,德國接觸即興舞蹈研習計畫,,,蘇瑤華,陳麗娟、李亞梅、林采韻、傅裕惠、趙玉玲、吳家恆
104,,專案,海外藝遊專案,,曾于真,中南美洲美術工藝紀行,,,蘇瑤華,陳麗娟、李亞梅、林采韻、傅裕惠、趙玉玲、吳家恆
104,,專案,海外藝遊專案,,陳敏伶,【表演藝術行政工作者的練習計畫】─UK藝術節慶參訪與勞動執行,,,蘇瑤華,陳麗娟、李亞梅、林采韻、傅裕惠、趙玉玲、吳家恆
104,,專案,海外藝遊專案,,曹郁璟,海外芭蕾舞團參訪見學,,,蘇瑤華,陳麗娟、李亞梅、林采韻、傅裕惠、趙玉玲、吳家恆
104,,專案,表演藝術新人新視野創作專案,,朱蔚庭,《曼∞曼II：靈魂的地理》,,,閻鴻亞,第二階段：吳義芳、林文中、石佩玉、魏瑛娟
104,,專案,表演藝術新人新視野創作專案,,洪唯堯,《夢遺》,,,閻鴻亞,第二階段：吳義芳、林文中、石佩玉、魏瑛娟
104,,專案,表演藝術新人新視野創作專案,,許程崴,《小小小國度》,,,閻鴻亞,第二階段：吳義芳、林文中、石佩玉、魏瑛娟
104,,專案,表演藝術評論人專案,,吳岳霖,跨．界II：捕捉「界線」，然後消滅嗎？,,,,紀慧玲、徐亞湘、耿一偉、陳品秀、焦元溥
104,,專案,表演藝術評論人專案,,吳孟軒,當代舞蹈作為一種社會實踐,,,,紀慧玲、徐亞湘、耿一偉、陳品秀、焦元溥
104,,專案,表演藝術評論人專案,,白斐嵐,評論作為一種對話─表演藝術評論人專案,,,,紀慧玲、徐亞湘、耿一偉、陳品秀、焦元溥
104,,專案,表演藝術評論人專案,,謝鴻文,兒童劇場美感意境的發現,,,,紀慧玲、徐亞湘、耿一偉、陳品秀、焦元溥
104,,專案,表演藝術評論人專案,,陳元棠,在地氛圍，劇場再現,,,,紀慧玲、徐亞湘、耿一偉、陳品秀、焦元溥
104,,專案,表演藝術評論人專案,,樊香君,當代台灣舞蹈輿圖探尋Ⅱ─舞評方法之反思與擴延,,,,紀慧玲、徐亞湘、耿一偉、陳品秀、焦元溥
104,,專案,表演藝術評論人專案,,王昱程,反對台灣劇場的去政治化,,,,紀慧玲、徐亞湘、耿一偉、陳品秀、焦元溥
104,,專案,表演藝術評論人專案,,吳政翰,文本建構的回歸、探尋與新創,,,,紀慧玲、徐亞湘、耿一偉、陳品秀、焦元溥
104,,專案,長篇小說創作發表專案,,林麗貞,《山．海．經》,,,季季,葉美瑤、舞鶴、郝譽翔、郭強生、洪淑苓
104,,專案,長篇小說創作發表專案,,朱國珍,《古正義的糖》,,,季季,葉美瑤、舞鶴、郝譽翔、郭強生、洪淑苓
104,,專案,長篇小說創作發表專案,,陳淑瑤,《雲山》,,,季季,葉美瑤、舞鶴、郝譽翔、郭強生、洪淑苓
104,,專案,長篇小說創作發表專案,,賀景濱,《小說小說》,,,季季,葉美瑤、舞鶴、郝譽翔、郭強生、洪淑苓
104,,專案,策展人培力@美術館專案,,賴依欣,破碎的神聖－是他者，還是自身,,,蘇瑤華,高千惠、蘇珀琪、石瑞仁、吳瑪悧
104,,專案,策展人培力@美術館專案,,周郁齡,每部影片都是一道謎語：黑盒子與白方塊的動態影像,,,蘇瑤華,高千惠、蘇珀琪、石瑞仁、吳瑪悧
104,,專案,策展人培力@美術館專案,,賴駿杰,基進的書寫形式(RadicalFormsofWriting),,,蘇瑤華,高千惠、蘇珀琪、石瑞仁、吳瑪悧
104,,專案,表演藝術國際發展專案,,尼可樂表演藝術有限公司,台灣國際即興音樂節及國際連結平台三年計畫,,,,
104,,專案,表演藝術國際發展專案,,安娜琪舞蹈劇場,改變『生態』的未來式-國際作品經營計畫,,,,
104,,專案,表演藝術國際發展專案,,莎士比亞的妹妹們的劇團,莎妹劇團x第七劇場－交換手札，杜斯妥也夫斯基計畫,,,,
104,,專案,表演藝術國際發展專案,,演摩莎劇團,〈追尋島嶼的記憶InSearchoftheIslandMemories〉集體即興創作,,,,
104,,專案,紀錄片製作專案,,賀照緹,未來無恙,,,齊隆壬,王派彰、吳凡、林文玲、謝嘉錕、龍男‧以撒克‧凡亞思
104,,專案,紀錄片製作專案,,吳靜怡,《再會馬德里》,,,齊隆壬,王派彰、吳凡、林文玲、謝嘉錕、龍男‧以撒克‧凡亞思
104,,專案,紀錄片製作專案,,張也海．夏曼,尋路航海,,,齊隆壬,王派彰、吳凡、林文玲、謝嘉錕、龍男‧以撒克‧凡亞思
104,,專案,紀錄片製作專案,,張明右,《過日子》,,,齊隆壬,王派彰、吳凡、林文玲、謝嘉錕、龍男‧以撒克‧凡亞思
104,,專案,紀錄片導演國際發展專案,,諶靜蓮,《不即不離》,,,陳玲珍,王耿瑜、李中旺、李亞梅、林正盛
104,,專案,紀錄片導演國際發展專案,,廖憶玲,《尋找．另一個故事》,,,陳玲珍,王耿瑜、李中旺、李亞梅、林正盛
104,,專案,紀錄片導演國際發展專案,,薛常慧,南方紀錄片國際推手計畫,,,陳玲珍,王耿瑜、李中旺、李亞梅、林正盛
104,,專案,布袋戲製作及發表專案,,雲林五洲小桃源掌中劇團,鳳山虎之鐵膽雄風,,,柯基良,第二階段試演及製作面談：紀慧玲、江武昌、耿一偉、呂錘寬、王友輝
104,,專案,布袋戲製作及發表專案,,清華閣周祐名掌中劇團,人間真情系列《情俠．情劫》,,,柯基良,第二階段試演及製作面談：紀慧玲、江武昌、耿一偉、呂錘寬、王友輝
104,,專案,布袋戲製作及發表專案,,王藝明掌中劇團,台灣英雄傳之海島男兒,,,柯基良,第二階段試演及製作面談：紀慧玲、江武昌、耿一偉、呂錘寬、王友輝
104,,專案,布袋戲製作及發表專案,,天宏園掌中劇團,天河劫,,,柯基良,第二階段試演及製作面談：紀慧玲、江武昌、耿一偉、呂錘寬、王友輝
104,,專案,布袋戲製作及發表專案,,真雲林閣掌中劇團,傲氣之珠~幽冥節度使,,,柯基良,第二階段試演及製作面談：紀慧玲、江武昌、耿一偉、呂錘寬、王友輝
104,,專案,布袋戲製作及發表專案,,新世界掌中劇團,《風雲再起~幻海星塵》,,,柯基良,第二階段試演及製作面談：紀慧玲、江武昌、耿一偉、呂錘寬、王友輝
104,,專案,視覺藝術策展專案,,羅秀芝,策展地誌學－藝術策展與空間實踐,,,,
104,,專案,視覺藝術策展專案,,立方計劃空間,「現實秘境」國際聯展,,,,
104,,專案,視覺藝術策展專案,,大懿是吉有限公司,逆旅之域,,,,
104,,專案,視覺藝術策展專案,,方彥翔,交纏考－一個物質、機制與生命纏結之考察（赤色邊境移動篇）,,,,
104,,專案,視覺藝術策展專案,,游擊工作站,公共精神（PublicSpirit）,,,,
104,7,國際文化交流,,國際文化交流(出國),趙菁文,荷蘭新室內樂團首演新作於阿姆斯特丹音樂廳,,,,
104,7,國際文化交流,,國際文化交流(出國),李志純,李志純受邀赴德國達姆施塔特現代音樂節音樂講座與展演,,,,
104,7,國際文化交流,,國際文化交流(出國),琴園國樂團,2016中國管樂節「氣聚香江」~《說書人音樂劇場－大唐盛世．李謩傳奇》,,,,
104,7,國際文化交流,,國際文化交流(出國),吳承恩,歐洲專業舞團徵選暨文化交流計畫,,,,
104,7,國際文化交流,,國際文化交流(出國),余宛倫,2016國際交流之旅歐專業舞團舞者徵選暨工作坊進修計畫,,,,
104,7,國際文化交流,,國際文化交流(出國),魏梓錂,赴歐洲研習進修,,,,
104,7,國際文化交流,,國際文化交流(出國),莎士比亞的妹妹們的劇團,《Zodiac》日本交流演出計畫,,,,
104,7,國際文化交流,,國際文化交流(出國),EX－亞洲劇團,印度2016AshirwardInternationalTheatreFestival邀演計畫,,,,
104,7,國際文化交流,,國際文化交流(出國),楊凱婷,行進間的歷史（HistoryinMotion）,,,,
104,7,國際文化交流,,國際文化交流(出國),顏寧志,斯沃琪和平飯店藝術中心SwatchArtPeaceHotel駐村計畫,,,,
104,7,國際文化交流,,國際文化交流(出國),王郁媜,英國當代華人藝術中心個展,,,,
104,7,國際文化交流,,國際文化交流(出國),吳明聲,請赴2016紐西蘭(TeKupenga)國際石雕創作營國際交流創作補助,,,,
104,7,國際文化交流,,國際文化交流(出國),回看工作室,YannickDAUBY與蔡宛璇創作與赴澳洲參展計畫,,,,
104,7,國際文化交流,,國際文化交流(出國),陳界仁,第二十屆雪梨雙年展,,,,
104,6,國際文化交流,,國際文化交流(出國),劉韋志,補助劉韋志赴新加坡參與「新加坡國際華樂作曲大賽2015」所需經費,,,,
104,6,國際文化交流,,國際文化交流(出國),駱宜蔚,駱宜蔚歐洲舞團徵選與進修計畫,,,,
104,6,國際文化交流,,國際文化交流(出國),黃翊工作室,《黃翊與庫卡》60分鐘完整版澳洲國際巡演旅運補助申請案,,,,
104,6,國際文化交流,,國際文化交流(出國),娩娩工作室,《PlayGames》2015第十五屆澳門城市藝穗節邀演計畫,,,,
104,6,國際文化交流,,國際文化交流(出國),人力飛行劇團,2016幾米音樂劇向左走向右走海外巡演,,,,
104,6,國際文化交流,,國際文化交流(出國),黑名單工作室,上海當代藝術博物館2015年「劇場前沿」：《哈姆雷特機器》,,,,
104,6,國際文化交流,,國際文化交流(出國),黃郁淳,澳洲原住民文化創作,,,,
104,6,國際文化交流,,國際文化交流(出國),新樂園藝術空間,「2015Super-Novart超新星」出國交流計畫,,,,
104,6,國際文化交流,,國際文化交流(出國),陳瀅如,參展蘇格蘭NEoN數位藝術節,,,,
104,6,國際文化交流,,國際文化交流(出國),楊世芝,第九屆深圳國際水墨雙年展－「墨海新境」特別展,,,,
104,6,國際文化交流,,國際文化交流(出國),陳敬元,第八屆亞太三年展－陳敬元參展計畫,,,,
104,5,國際文化交流,,國際文化交流(出國),李伍薰,參加2015科幻星雲嘉年華暨第六屆全球華語科幻星雲獎頒獎典禮及相關交流活動,,,,
104,5,國際文化交流,,國際文化交流(出國),羅際揚,參加2015科幻星雲嘉年華暨第六屆全球華語科幻星雲獎頒獎典禮及相關交流活動,,,,
104,5,國際文化交流,,國際文化交流(出國),楊勝博,參加2015科幻星雲嘉年華暨第六屆全球華語科幻星雲獎頒獎典禮及相關交流活動,,,,
104,5,國際文化交流,,國際文化交流(出國),張俊格,參加2015科幻星雲嘉年華暨第六屆全球華語科幻星雲獎頒獎典禮及相關交流活動,,,,
104,5,國際文化交流,,國際文化交流(出國),黃炳煌,參加2015科幻星雲嘉年華暨第六屆全球華語科幻星雲獎頒獎典禮及相關交流活動,,,,
104,5,國際文化交流,,國際文化交流(出國),身體氣象館,第四十一屆國際電腦音樂大會－美國北德州大學現場發表－演出暨觀摩計畫,,,,
104,5,國際文化交流,,國際文化交流(出國),陳映蓉,赴美國參加2015ICMC國際電腦音樂研討會交流演出計畫,,,,
104,5,國際文化交流,,國際文化交流(出國),王建為,赴斯洛維尼亞參與國際現代音樂協會2015世界音樂節,,,,
104,5,國際文化交流,,國際文化交流(出國),NanaFormosa擊樂二重奏,2015年美國國際打擊樂年會(PASIC)演出,,,,
104,5,國際文化交流,,國際文化交流(出國),葉名樺,葉名樺《寂靜敲門》獲選2015WomeninDanceLeadershipFestival,,,,
104,5,國際文化交流,,國際文化交流(出國),體相舞蹈劇場,新加坡8thXposition‘O’ContemporaryDanceTheaterFiesta邀演計畫,,,,
104,5,國際文化交流,,國際文化交流(出國),窮劇場,《大世界娛樂場II》台北-澳門雙城聯合製作／演出活動計畫書,,,,
104,5,國際文化交流,,國際文化交流(出國),當代傳奇劇場,《李爾在此》2015中國四川德陽市三星堆藝術節演出,,,,
104,5,國際文化交流,,國際文化交流(出國),台南人劇團,烏鎮藝術節-台南人劇團《馬克白》,,,,
104,5,國際文化交流,,國際文化交流(出國),明興閣掌中劇團,第四屆泉州國際木偶藝術節展演與交流,,,,
104,5,國際文化交流,,國際文化交流(出國),Lyric'sstudio人从众創作体,給美麗的你：《收信快樂》x《惜陽》臺北．檳城城市連線計畫,,,,
104,5,國際文化交流,,國際文化交流(出國),臺北市紀錄片從業人員職業工會,《太陽．不遠》受邀山形國際紀錄片影展放映暨交流計畫,,,,
104,5,國際文化交流,,國際文化交流(出國),葉子啓,東南亞行為藝術參展計畫,,,,
104,5,國際文化交流,,國際文化交流(出國),回看工作室,YannickDAUBY與蔡宛璇赴澳創作,,,,
104,5,國際文化交流,,國際文化交流(出國),許雁婷,澳洲實驗藝術論壇－聲音藝術交流及演出,,,,
104,5,國際文化交流,,國際文化交流(出國),草埕文化藝術工作室,《末日再生》－台灣．澳門區域性的交流與對話,,,,
104,5,國際文化交流,,國際文化交流(出國),許尹齡,論暴力－瑞典RUDAIR駐村交流計劃,,,,
104,5,國際文化交流,,國際文化交流(出國),江凱群,法國國立現代藝術中心Panorama17當代藝術展,,,,
104,5,國際文化交流,,國際文化交流(出國),潘怡潔,德國柏林GlogauAIR藝術村進駐創作與工作坊計劃,,,,
104,5,國際文化交流,,國際文化交流(出國),高淑媛,紐約白盒子藝術中心女性藝術家國際文化交流展,,,,
104,4,國際文化交流,,國際文化交流(出國),台北愛樂室內合唱團,《印象台灣》台北愛樂室內合唱團中國巡演,,,,
104,4,國際文化交流,,國際文化交流(出國),台灣絃樂團,台灣絃樂團德法音樂節巡禮,,,,
104,4,國際文化交流,,國際文化交流(出國),小巨人絲竹樂團,2015年德國巡迴演出,,,,
104,4,國際文化交流,,國際文化交流(出國),木樓合唱團,木樓合唱團2015赴德企劃：《德國布拉姆斯國際合唱大賽暨音樂節》,,,,
104,4,國際文化交流,,國際文化交流(出國),拉縴人男聲合唱團,赴歐參加2015第20屆歐洲青年歌唱節暨義大利演出,,,,
104,4,國際文化交流,,國際文化交流(出國),高雄室內合唱團,日本輕井澤國際合唱音樂節交流演出,,,,
104,4,國際文化交流,,國際文化交流(出國),楊曼君,楊曼君赴羅馬尼亞參加第15屆格奧爾基‧迪馬國際音樂大賽計畫,,,,
104,4,國際文化交流,,國際文化交流(出國),鄞廷安,當代舞者的遊牧身體誌Everyday.Bodies-Anomadicjourneyofcontemporarydancers,,,,
104,4,國際文化交流,,國際文化交流(出國),世紀當代舞團,2015俄羅斯莫斯科契訶夫國際藝術節參訪,,,,
104,4,國際文化交流,,國際文化交流(出國),一當代舞團,一當代舞團《身體輿圖》2015年瑞士及韓國國際巡演,,,,
104,4,國際文化交流,,國際文化交流(出國),賴翃中,受邀參與2015亞太舞蹈節演出計畫,,,,
104,4,國際文化交流,,國際文化交流(出國),三十舞蹈劇場,「馬來西亞詩巫國際舞蹈節」文化交流,,,,
104,4,國際文化交流,,國際文化交流(出國),高辛毓,受邀參與2015年世界舞蹈聯盟美洲分會舉辦之國際會議及藝術節,,,,
104,4,國際文化交流,,國際文化交流(出國),窮劇場,《死亡紀事》亞洲巡演：新加坡、馬來西亞,,,,
104,4,國際文化交流,,國際文化交流(出國),創作社劇團,《西夏旅館．蝴蝶書》新加坡國際藝術節巡演,,,,
104,4,國際文化交流,,國際文化交流(出國),陳柏廷,アルトー館舞踏團演出邀請暨鈴木忠志利賀藝術節50週年參訪,,,,
104,4,國際文化交流,,國際文化交流(出國),狠劇場,首爾284文化車站藝術中心數位跨界劇場合製及展演計畫,,,,
104,4,國際文化交流,,國際文化交流(出國),一一擬爾劇團,2015第十一屆《一人一故事劇場》蒙特婁國際交流研討會,,,,
104,4,國際文化交流,,國際文化交流(出國),李清照私人劇團感傷動作派,奇愛歌仔戲《石秀》巡演計畫-上海,,,,
104,4,國際文化交流,,國際文化交流(出國),范定甫,德國柏林《日本東方繪畫修復研習》交流計畫,,,,
104,4,國際文化交流,,國際文化交流(出國),張碩尹,ClockworkDreams－英國華人當代藝術中心個展,,,,
104,4,國際文化交流,,國際文化交流(出國),徐暋盛,2015第三屆世界柳條&編織藝術節,,,,
104,4,國際文化交流,,國際文化交流(出國),樂毗金工工作室,內在皺褶─台灣金工首飾澳洲聯展第一屆墨爾本當代首飾與物件藝術展會暨墨爾本藝穗節策展計畫,,,,
104,4,國際文化交流,,國際文化交流(出國),財團法人數位藝術基金會,馬來西亞DA+C藝術節國際交流計劃,,,,
104,4,國際文化交流,,國際文化交流(出國),挪石社出版有限公司,向葫蘆借空間BorrowSpaceFromCalabash,,,,
104,4,國際文化交流,,國際文化交流(出國),楊蕓瑄,赴橫濱黃金町管理中心藝術村駐村交流計畫,,,,
104,4,國際文化交流,,國際文化交流(出國),王郁媜,新加坡-雙個展交流創作計畫,,,,
104,4,國際文化交流,,國際文化交流(出國),身體氣象館,【居所與地方：影像測量計劃】吉隆坡展覽計畫─第六屆台灣國際實驗媒體藝術展(EX!T6),,,,
104,3,國際文化交流,,國際文化交流(出國),李子聲,赴美國加州2015矽谷彭林鋼琴夏令會講學與演出計畫,,,,
104,3,國際文化交流,,國際文化交流(出國),廖婉廷,赴美國參加2015國際紐約電子音樂節(NYCEMF),,,,
104,3,國際文化交流,,國際文化交流(出國),財團法人菁霖文化藝術基金會,菁霖美國舞蹈節獎學金計畫,,,,
104,3,國際文化交流,,國際文化交流(出國),世紀當代舞團,《驅動城市》日本巡演,,,,
104,3,國際文化交流,,國際文化交流(出國),林文中舞團,林文中舞團《空氣動力學》-澳門藝術節,,,,
104,3,國際文化交流,,國際文化交流(出國),何曉玫meimage舞團,《假裝》北京舞蹈雙周演出計畫,,,,
104,3,國際文化交流,,國際文化交流(出國),動見体,《我不在這》2015北京國際新舞蹈藝術節邀演計劃,,,,
104,3,國際文化交流,,國際文化交流(出國),身聲劇場,2015新加坡華文小劇場節《在大水之中》,,,,
104,3,國際文化交流,,國際文化交流(出國),台灣應用劇場發展中心,新加坡論壇劇場藝術節---《一僱二主》交流演出計畫,,,,
104,3,國際文化交流,,國際文化交流(出國),狠劇場,數位表演藝術作品《我和我的午茶時光》北京及丹麥巡演計畫,,,,
104,3,國際文化交流,,國際文化交流(出國),動見体,《凱吉一歲》2015澳亞藝術節(OzAsiaFestival)邀演計劃,,,,
104,3,國際文化交流,,國際文化交流(出國),林恒正,獲OISTA甄選參展莫斯科《世紀之交服裝設計展-CostumeattheTurnoftheCentury》,,,,
104,3,國際文化交流,,國際文化交流(出國),郭國相,第26屆宇部美術雙年展(現代日本雕塑展),,,,
104,3,國際文化交流,,國際文化交流(出國),蒲帥成,第十六屆波蘭媒體藝術雙年展(TheWRO2015MediaArtBiennale),,,,
104,3,國際文化交流,,國際文化交流(出國),許家維,「全景」(Panorama)當代藝術展覽作品展出計畫,,,,
104,3,國際文化交流,,國際文化交流(出國),林嘉貞,西班牙L'Estruch現場藝術創作工廠─MediaEstruch專案計劃之駐村與交流,,,,
104,2,國際文化交流,,國際文化交流(出國),音樂時代劇場,台灣原創音樂劇《少年台灣》上海巡演,,,,
104,2,國際文化交流,,國際文化交流(出國),莊東杰,萊比錫中德廣播交響樂團指揮大賽,,,,
104,2,國際文化交流,,國際文化交流(出國),台北愛樂合唱團,錢南章《十二生肖》─北京國家大劇院八月合唱節開幕音樂會,,,,
104,2,國際文化交流,,國際文化交流(出國),馬定一,赴美國RiceUniversity參加CommonPractice21C國際音樂節,,,,
104,2,國際文化交流,,國際文化交流(出國),蔡佩芸,維也納音樂大學演出交流計畫,,,,
104,2,國際文化交流,,國際文化交流(出國),趙菁文,美國萊斯大學暨2015國際華樂音樂節作品獲選演出,,,,
104,2,國際文化交流,,國際文化交流(出國),台灣作曲家協會,赴日本東京參與「亞洲之夜」音樂會,,,,
104,2,國際文化交流,,國際文化交流(出國),蔡鎮宇,BambusCrossinginEchoRaum(Vienna)維也納國際現代音樂節:八首新作品寫給中國樂器和歐洲樂器的新編制,,,,
104,2,國際文化交流,,國際文化交流(出國),方妤婷,歐洲專業舞者甄選計劃,,,,
104,2,國際文化交流,,國際文化交流(出國),雲門國際事業股份有限公司,2015世界舞蹈論壇daCi-論文發表暨演出交流,,,,
104,2,國際文化交流,,國際文化交流(出國),王鎮倫,國際文化交流-歐洲舞團徵選,,,,
104,2,國際文化交流,,國際文化交流(出國),黃煜騰,探討歐洲文化之甄試舞團,,,,
104,2,國際文化交流,,國際文化交流(出國),丞舞製作團隊,德國斯圖加特高堤耶舞團邀演─作品《浮花》,,,,
104,2,國際文化交流,,國際文化交流(出國),舞蹈生態系創意團隊,澳洲舞蹈劇場五十周年特別演出─Fortuity(伊莉莎白．陶曼經典回顧展演),,,,
104,2,國際文化交流,,國際文化交流(出國),大開劇團,2015北京國際女性戲劇節~《金花囍事》開幕節目演出計畫,,,,
104,2,國際文化交流,,國際文化交流(出國),動見体,《離家不遠》2015馬來西亞人戲劇節合製計劃,,,,
104,2,國際文化交流,,國際文化交流(出國),行人股份有限公司,【未有燭而後至】攝影展覽計畫書,,,,
104,2,國際文化交流,,國際文化交流(出國),黃致傑,新媒體藝術X互動產品設計─米蘭衛星沙龍展參展計劃,,,,
104,2,國際文化交流,,國際文化交流(出國),草埕文化藝術工作室,《末日再生》－台灣．澳門區域性的交流與對話,,,,
104,2,國際文化交流,,國際文化交流(出國),林沛瑩,《植物性顧問公司》與《天花症候群》出國參展與工作坊計劃,,,,
104,2,國際文化交流,,國際文化交流(出國),音瀑奧譜聲音藝術實驗室,〔域外音2.0〕香港SonicTransmission交流計劃,,,,
104,2,國際文化交流,,國際文化交流(出國),李佳祐,罔兩-李佳祐攝影展,,,,
104,2,國際文化交流,,國際文化交流(出國),施昀佑,哥倫比亞維拉維森齊歐，藝術家駐地創作計畫,,,,
104,2,國際文化交流,,國際文化交流(出國),許唐瑋,2015SculptureByTheSea丹麥奧胡斯海岸線雕塑雙年展參展計劃,,,,
104,1,國際文化交流,,國際文化交流(出國),李子聲,赴耶路撒冷音樂學院發表作品與交流計畫,,,,
104,1,國際文化交流,,國際文化交流(出國),台北室內合唱團,2015「ISCM音樂新文化國際音樂節」受邀演出計畫,,,,
104,1,國際文化交流,,國際文化交流(出國),曾毓忠,出席美國萊斯大學2015國際華人音樂節之作品發表,,,,
104,1,國際文化交流,,國際文化交流(出國),鄭皓,歐洲專業舞者甄選計劃,,,,
104,1,國際文化交流,,國際文化交流(出國),吳禹賢,2015歐洲舞蹈藝術交流及舞團甄選,,,,
104,1,國際文化交流,,國際文化交流(出國),賴翠霜舞創劇場,德國創作交流,,,,
104,1,國際文化交流,,國際文化交流(出國),張堅豪,受邀新加坡RAWmoves舞團進行創作及工作坊交流計畫,,,,
104,1,國際文化交流,,國際文化交流(出國),江佳穎,歐洲舞團徵選計畫,,,,
104,1,國際文化交流,,國際文化交流(出國),鄭宜蘋,橡膠人魚x潛意識餐廳《TheRubberMermaid》XTheSubconsciousRestaurant,,,,
104,1,國際文化交流,,國際文化交流(出國),林瑋萱,所有形式繪畫展(ledessindanstoussesetats),,,,
104,1,國際文化交流,,國際文化交流(出國),立方計劃空間,【盧森堡─台灣交流計劃（出國部份）】文明幻魅─王福瑞、吳季璁、袁廣鳴聯展,,,,
104,2,常態,文學,創作,陳逸如,《蒼蠅與蟬》散文創作計畫,,,向陽,周芬伶、孟樊、林文義、林黛嫚、胡金倫、趙衛民
104,2,常態,文學,創作,張啟疆,旅行(長篇小說),,,向陽,周芬伶、孟樊、林文義、林黛嫚、胡金倫、趙衛民
104,2,常態,文學,出版,吳懷晨,《浪人吟》詩集出版計劃,,,向陽,周芬伶、孟樊、林文義、林黛嫚、胡金倫、趙衛民
104,2,常態,文學,創作,張日郡,《背水的人》詩攝影集創作計畫,,,向陽,周芬伶、孟樊、林文義、林黛嫚、胡金倫、趙衛民
104,2,常態,文學,創作,吳億偉,「跨界者」小說創作計劃,,,向陽,周芬伶、孟樊、林文義、林黛嫚、胡金倫、趙衛民
104,2,常態,文學,創作,陳栢青,菲洲，菲洲,,,向陽,周芬伶、孟樊、林文義、林黛嫚、胡金倫、趙衛民
104,2,常態,文學,創作,顏訥,人妻沙西米,,,向陽,周芬伶、孟樊、林文義、林黛嫚、胡金倫、趙衛民
104,2,常態,文學,創作,洪木成,樟腦與沒藥,,,向陽,周芬伶、孟樊、林文義、林黛嫚、胡金倫、趙衛民
104,2,常態,文學,出版,台灣現代詩人協會,十年詩萃--《台灣現代詩》選集,,,向陽,周芬伶、孟樊、林文義、林黛嫚、胡金倫、趙衛民
104,2,常態,文學,出版,前衛出版社,利格拉樂‧阿烏「母系書寫」散文精選出版計劃,,,向陽,周芬伶、孟樊、林文義、林黛嫚、胡金倫、趙衛民
104,2,常態,文學,出版,陳英雄,"長篇小說""谷娃娜麥多力都麗""出版補助申請",,,向陽,周芬伶、孟樊、林文義、林黛嫚、胡金倫、趙衛民
104,2,常態,文學,創作,羅傳樵,長篇小說《金魅殺人魔術》,,,向陽,周芬伶、孟樊、林文義、林黛嫚、胡金倫、趙衛民
104,2,常態,文學,創作,吳俊霖,《銀葉側身：行旅、宗教與詩的越界》詩集創作計畫,,,向陽,周芬伶、孟樊、林文義、林黛嫚、胡金倫、趙衛民
104,2,常態,文學,調查與研究,社團法人楊逵文教協會,《李喬評傳》田野調查及撰寫計畫,,,向陽,周芬伶、孟樊、林文義、林黛嫚、胡金倫、趙衛民
104,2,常態,文學,出版,陳家帶,「聖稜線」詩集出版,,,向陽,周芬伶、孟樊、林文義、林黛嫚、胡金倫、趙衛民
104,2,常態,文學,出版,張曉惠,《窗外煙花窗內雨》短篇小說集,,,向陽,周芬伶、孟樊、林文義、林黛嫚、胡金倫、趙衛民
104,2,常態,文學,創作,周紘立,長篇散文《夜夢遊行》,,,向陽,周芬伶、孟樊、林文義、林黛嫚、胡金倫、趙衛民
104,2,常態,文學,創作,何曼莊,有時跳舞/LoudMinority/貝-史岱的一年,,,向陽,周芬伶、孟樊、林文義、林黛嫚、胡金倫、趙衛民
104,2,常態,文學,研討會,台灣客家筆會,2015台灣客家文學研討會,,,向陽,周芬伶、孟樊、林文義、林黛嫚、胡金倫、趙衛民
104,2,常態,文學,創作,黃炳煌,宇宙童話詩,,,向陽,周芬伶、孟樊、林文義、林黛嫚、胡金倫、趙衛民
104,2,常態,文學,創作,黃暐婷,流路,,,向陽,周芬伶、孟樊、林文義、林黛嫚、胡金倫、趙衛民
104,2,常態,文學,創作,何敬堯,《怪物們的迷宮》,,,向陽,周芬伶、孟樊、林文義、林黛嫚、胡金倫、趙衛民
104,2,常態,文學,創作,劉翰雲,從創傷之蛹裏蝶螁而生的敘述—劉翰雲散文+繪本創作計畫,,,向陽,周芬伶、孟樊、林文義、林黛嫚、胡金倫、趙衛民
104,2,常態,文學,創作,楊子霈,《母親進行式》散文集創作計畫,,,向陽,周芬伶、孟樊、林文義、林黛嫚、胡金倫、趙衛民
104,2,常態,文學,創作,林二郎,巴代長篇小說創作之十一：《月津》,,,向陽,周芬伶、孟樊、林文義、林黛嫚、胡金倫、趙衛民
104,2,常態,文學,創作,吳鈞堯,《100擊》─散文小品創作計畫,,,向陽,周芬伶、孟樊、林文義、林黛嫚、胡金倫、趙衛民
104,2,常態,文學,創作,陳葚慈,〈都市裡的布農歌聲〉報導文學創作計畫,,,向陽,周芬伶、孟樊、林文義、林黛嫚、胡金倫、趙衛民
104,2,常態,文學,出版,陳金順,《絕峰嶺》：陳金順二十年詩選,,,向陽,周芬伶、孟樊、林文義、林黛嫚、胡金倫、趙衛民
104,2,常態,文學,出版,蔣闊宇,蔣闊宇詩集《好想把你的頭抓去撞牆》出版計劃,,,向陽,周芬伶、孟樊、林文義、林黛嫚、胡金倫、趙衛民
104,2,常態,文學,創作,張英珉,阿香,,,向陽,周芬伶、孟樊、林文義、林黛嫚、胡金倫、趙衛民
104,2,常態,音樂,策展,台北愛樂室內樂坊,愛雷克雅維克音樂節─手‧瘋琴,,,鄭德淵,高國香、許瑞坤、蔡永文、蕭慶瑜、蘇顯達、鍾耀光
104,2,常態,音樂,演出,PUNCH打擊樂團,Twincussion擊樂二重奏音樂會,,,鄭德淵,高國香、許瑞坤、蔡永文、蕭慶瑜、蘇顯達、鍾耀光
104,2,常態,音樂,演出,洪小琴,洪小琴2015雙簧管獨奏會,,,鄭德淵,高國香、許瑞坤、蔡永文、蕭慶瑜、蘇顯達、鍾耀光
104,2,常態,音樂,演出,琴園國樂團,《說書人音樂劇場-(二)-大稻埕》,,,鄭德淵,高國香、許瑞坤、蔡永文、蕭慶瑜、蘇顯達、鍾耀光
104,2,常態,音樂,演出,財團法人邱再興文教基金會,財團法人邱再興文教基金會系列音樂會,,,鄭德淵,高國香、許瑞坤、蔡永文、蕭慶瑜、蘇顯達、鍾耀光
104,2,常態,音樂,演出,台灣古典學院室內樂團,經典的傳承-曹永昌vs黃智瑛大提琴室內樂團,,,鄭德淵,高國香、許瑞坤、蔡永文、蕭慶瑜、蘇顯達、鍾耀光
104,2,常態,音樂,演出,台灣傑出音樂家室內樂團,SalutTaiwan夏綠臺灣夏綠大師系列音樂會,,,鄭德淵,高國香、許瑞坤、蔡永文、蕭慶瑜、蘇顯達、鍾耀光
104,2,常態,音樂,演出,福爾摩沙合唱團,福爾摩沙合唱團2016系列音樂會之一,,,鄭德淵,高國香、許瑞坤、蔡永文、蕭慶瑜、蘇顯達、鍾耀光
104,2,常態,音樂,出版,財團法人邱再興文教基金會,馬水龍作品出版,,,鄭德淵,高國香、許瑞坤、蔡永文、蕭慶瑜、蘇顯達、鍾耀光
104,2,常態,音樂,出版,台灣中提琴室內樂團,「提琴寫生」－楊瑞瑟中提琴演奏專輯,,,鄭德淵,高國香、許瑞坤、蔡永文、蕭慶瑜、蘇顯達、鍾耀光
104,2,常態,音樂,演出,台北世紀合唱團,「COLOURS—世紀．新．色彩」音樂會,,,鄭德淵,高國香、許瑞坤、蔡永文、蕭慶瑜、蘇顯達、鍾耀光
104,2,常態,音樂,演出,范婷玉,次女高音范婷玉2015獨唱會,,,鄭德淵,高國香、許瑞坤、蔡永文、蕭慶瑜、蘇顯達、鍾耀光
104,2,常態,音樂,駐團藝術工作者,小巨人絲竹樂團,蔡欣微-小巨人絲竹樂團駐團作曲家,,,鄭德淵,高國香、許瑞坤、蔡永文、蕭慶瑜、蘇顯達、鍾耀光
104,2,常態,音樂,演出,新象股份有限公司,且彈且談─章紅艷彈撥組合音樂會,,,鄭德淵,高國香、許瑞坤、蔡永文、蕭慶瑜、蘇顯達、鍾耀光
104,2,常態,音樂,演出,原聲巴洛克樂團,繁花。夢創作劇音樂會,,,鄭德淵,高國香、許瑞坤、蔡永文、蕭慶瑜、蘇顯達、鍾耀光
104,2,常態,音樂,演出,藝之美有限公司,2013伊莉莎白大賽冠軍─吉爾特伯格鋼琴獨奏會與大師班,,,鄭德淵,高國香、許瑞坤、蔡永文、蕭慶瑜、蘇顯達、鍾耀光
104,2,常態,音樂,演出,高雄市管樂團,高雄市管樂團2016經典管樂名曲集,,,鄭德淵,高國香、許瑞坤、蔡永文、蕭慶瑜、蘇顯達、鍾耀光
104,2,常態,音樂,演出,台灣璇音雅集,【大音希聲】2016新台灣音樂鋼琴作品發表會,,,鄭德淵,高國香、許瑞坤、蔡永文、蕭慶瑜、蘇顯達、鍾耀光
104,2,常態,音樂,演出,新逸藝術室內樂團,東方饗宴,,,鄭德淵,高國香、許瑞坤、蔡永文、蕭慶瑜、蘇顯達、鍾耀光
104,2,常態,音樂,演出,王郁馨,德法經典之夜-王郁馨李增銘聯合音樂會,,,鄭德淵,高國香、許瑞坤、蔡永文、蕭慶瑜、蘇顯達、鍾耀光
104,2,常態,音樂,演出,財團法人音契文化藝術基金會,心靈樂篇28,,,鄭德淵,高國香、許瑞坤、蔡永文、蕭慶瑜、蘇顯達、鍾耀光
104,2,常態,音樂,演出,三個人,三個人．來瘋,,,鄭德淵,高國香、許瑞坤、蔡永文、蕭慶瑜、蘇顯達、鍾耀光
104,2,常態,音樂,演出,財團法人許常惠文化藝術基金會,2016製樂小集,,,鄭德淵,高國香、許瑞坤、蔡永文、蕭慶瑜、蘇顯達、鍾耀光
104,2,常態,音樂,委託創作,雙溪樂集,雙溪樂集2015委託創作計劃,,,鄭德淵,高國香、許瑞坤、蔡永文、蕭慶瑜、蘇顯達、鍾耀光
104,2,常態,音樂,演出,九歌民族管絃樂團,非跨不可-國樂魔鬼訓練營,,,鄭德淵,高國香、許瑞坤、蔡永文、蕭慶瑜、蘇顯達、鍾耀光
104,2,常態,音樂,演出,庫普蘭巴洛克合奏團,法蘭西的榮耀,,,鄭德淵,高國香、許瑞坤、蔡永文、蕭慶瑜、蘇顯達、鍾耀光
104,2,常態,音樂,出版,李承育,李承育古典薩克斯風演奏專輯【奏鳴曲】,,,鄭德淵,高國香、許瑞坤、蔡永文、蕭慶瑜、蘇顯達、鍾耀光
104,2,常態,音樂,委託創作,台北室內合唱團,2015年合唱無設限委託創作計畫_謝宗仁、羅仕偉、羅芳偉、高振剛,,,鄭德淵,高國香、許瑞坤、蔡永文、蕭慶瑜、蘇顯達、鍾耀光
104,2,常態,音樂,創作,羅芳偉,管弦樂曲〈瞬˙轉眼之間〉創作計畫,,,鄭德淵,高國香、許瑞坤、蔡永文、蕭慶瑜、蘇顯達、鍾耀光
104,2,常態,音樂,委託創作,琴園國樂團,新編說書人音樂劇場~《大稻埕傳奇》科技跨界版,,,鄭德淵,高國香、許瑞坤、蔡永文、蕭慶瑜、蘇顯達、鍾耀光
104,2,常態,音樂,演出,悅樂泉,布拉姆斯的古典與浪漫,,,鄭德淵,高國香、許瑞坤、蔡永文、蕭慶瑜、蘇顯達、鍾耀光
104,2,常態,音樂,演出,台中愛樂歌劇團,唐尼采第《唐帕斯瓜雷》(GaetanoDonizetti‘s“DonPasquale”)三幕喜歌劇全本演出,,,鄭德淵,高國香、許瑞坤、蔡永文、蕭慶瑜、蘇顯達、鍾耀光
104,2,常態,音樂,演出,善果藝術事業有限公司,聆聽維也納─薇莎拉茲與維也納室內樂團,,,鄭德淵,高國香、許瑞坤、蔡永文、蕭慶瑜、蘇顯達、鍾耀光
104,2,常態,音樂,委託創作,時間藝術工作室,《十絕句》,,,鄭德淵,高國香、許瑞坤、蔡永文、蕭慶瑜、蘇顯達、鍾耀光
104,2,常態,音樂,演出,財團法人擊樂文教基金會,朱宗慶打擊樂團30週年音樂會,,,鄭德淵,高國香、許瑞坤、蔡永文、蕭慶瑜、蘇顯達、鍾耀光
104,2,常態,音樂,演出,小巨人絲竹樂團,【絲弦情】-絲竹室內樂系列音樂會二場,,,鄭德淵,高國香、許瑞坤、蔡永文、蕭慶瑜、蘇顯達、鍾耀光
104,2,常態,音樂,出版,台灣作曲家協會,台灣當代作曲家系列作品XII、XIII,,,鄭德淵,高國香、許瑞坤、蔡永文、蕭慶瑜、蘇顯達、鍾耀光
104,2,常態,音樂,演出,谷方當代箏界,2015【川流不息】年度巡迴音樂會,,,鄭德淵,高國香、許瑞坤、蔡永文、蕭慶瑜、蘇顯達、鍾耀光
104,2,常態,音樂,演出,環境有限公司,帕格尼尼再世─羅曼金小提琴演奏會與大師班講座,,,鄭德淵,高國香、許瑞坤、蔡永文、蕭慶瑜、蘇顯達、鍾耀光
104,2,常態,音樂,演出,傳大藝術事業有限公司,普雷特涅夫鋼琴獨奏會,,,鄭德淵,高國香、許瑞坤、蔡永文、蕭慶瑜、蘇顯達、鍾耀光
104,2,常態,音樂,演出,黃盈媛,2015黃盈媛大提琴獨奏會-東歐經典,,,鄭德淵,高國香、許瑞坤、蔡永文、蕭慶瑜、蘇顯達、鍾耀光
104,2,常態,音樂,出版,菁英藝術家,心繫福爾摩沙ー蕭泰然室內樂作品,,,鄭德淵,高國香、許瑞坤、蔡永文、蕭慶瑜、蘇顯達、鍾耀光
104,2,常態,音樂,演出,陳冠宇室內樂團,魯賓斯坦的榮耀：StevenLin2015亞洲巡迴鋼琴獨奏會,,,鄭德淵,高國香、許瑞坤、蔡永文、蕭慶瑜、蘇顯達、鍾耀光
104,2,常態,音樂,委託創作演出,中華民國國樂學會,2015國樂創作聯合發表會,,,鄭德淵,高國香、許瑞坤、蔡永文、蕭慶瑜、蘇顯達、鍾耀光
104,2,常態,音樂,演出,台灣絃樂團,絃談in樂系列《愛與夢的解析》,,,鄭德淵,高國香、許瑞坤、蔡永文、蕭慶瑜、蘇顯達、鍾耀光
104,2,常態,音樂,演出,亞洲作曲家聯盟台灣總會,音樂台灣2015作品發表會,,,鄭德淵,高國香、許瑞坤、蔡永文、蕭慶瑜、蘇顯達、鍾耀光
104,2,常態,音樂,演出,台北愛樂歌劇坊,浦契尼歌劇《藝術家的生涯》,,,鄭德淵,高國香、許瑞坤、蔡永文、蕭慶瑜、蘇顯達、鍾耀光
104,2,常態,音樂,委託創作,台北青年管樂團,藍美米-小提琴協奏曲委託創作,,,鄭德淵,高國香、許瑞坤、蔡永文、蕭慶瑜、蘇顯達、鍾耀光
104,2,常態,音樂,演出,文生音樂藝術股份有限公司,「心呈則怡」室內樂音樂會,,,鄭德淵,高國香、許瑞坤、蔡永文、蕭慶瑜、蘇顯達、鍾耀光
104,2,常態,音樂,演出研討會,拉縴人男聲合唱團,魅力男聲系列3~星月夜音樂會暨國際大師班講座,,,鄭德淵,高國香、許瑞坤、蔡永文、蕭慶瑜、蘇顯達、鍾耀光
104,2,常態,音樂,演出,台北愛樂青年管弦樂團,陳苑芝、萊斯&台北愛樂,,,鄭德淵,高國香、許瑞坤、蔡永文、蕭慶瑜、蘇顯達、鍾耀光
104,2,常態,音樂,演出,福爾摩沙合唱團,福爾摩沙合唱團2015系列音樂會之四：2015聖誕音樂會,,,鄭德淵,高國香、許瑞坤、蔡永文、蕭慶瑜、蘇顯達、鍾耀光
104,2,常態,音樂,演出,台北愛樂青年合唱團,《帶著歌聲去旅行》台北愛樂青年合唱團音樂會,,,鄭德淵,高國香、許瑞坤、蔡永文、蕭慶瑜、蘇顯達、鍾耀光
104,2,常態,音樂,演出,中華民國聲樂家協會,聲協2016新秀音樂會,,,鄭德淵,高國香、許瑞坤、蔡永文、蕭慶瑜、蘇顯達、鍾耀光
104,2,常態,音樂,委託創作,財團法人台北市彩霞教育基金會,HetP,,,鄭德淵,高國香、許瑞坤、蔡永文、蕭慶瑜、蘇顯達、鍾耀光
104,2,常態,音樂,演出,廖皎含,2016廖皎含鋼琴獨奏會,,,鄭德淵,高國香、許瑞坤、蔡永文、蕭慶瑜、蘇顯達、鍾耀光
104,2,常態,音樂,演出,新象股份有限公司,阿芙蒂耶娃鋼琴獨奏會與大師班講座,,,鄭德淵,高國香、許瑞坤、蔡永文、蕭慶瑜、蘇顯達、鍾耀光
104,2,常態,音樂,演出,創世歌劇團,莫札特歌劇女人皆如此,,,鄭德淵,高國香、許瑞坤、蔡永文、蕭慶瑜、蘇顯達、鍾耀光
104,2,常態,音樂,演出,財團法人中國信託商業銀行文教基金會,2015新舞臺藝術節-基頓‧克萊曼&波羅的海弦樂團《新四季》,,,鄭德淵,高國香、許瑞坤、蔡永文、蕭慶瑜、蘇顯達、鍾耀光
104,2,常態,音樂,創作,李子聲,李子聲2015年合唱創作計畫,,,鄭德淵,高國香、許瑞坤、蔡永文、蕭慶瑜、蘇顯達、鍾耀光
104,2,常態,音樂,創作,何品達,人聲獨奏曲《Envy》創作計畫,,,鄭德淵,高國香、許瑞坤、蔡永文、蕭慶瑜、蘇顯達、鍾耀光
104,2,常態,音樂,委託創作,對位室內樂團,夢遊四季,,,鄭德淵,高國香、許瑞坤、蔡永文、蕭慶瑜、蘇顯達、鍾耀光
104,2,常態,音樂,委託創作,Legato樂聚,作曲家林桂如委託創作計畫,,,鄭德淵,高國香、許瑞坤、蔡永文、蕭慶瑜、蘇顯達、鍾耀光
104,2,常態,音樂,委託創作,對位室內樂團,返鄉者,,,鄭德淵,高國香、許瑞坤、蔡永文、蕭慶瑜、蘇顯達、鍾耀光
104,2,常態,音樂,演出,藝之美有限公司,利普金─大提琴指揮與布魯塞爾室內樂團,,,鄭德淵,高國香、許瑞坤、蔡永文、蕭慶瑜、蘇顯達、鍾耀光
104,2,常態,音樂,演出,南台灣室內樂協會團,STCMS室內樂之夜,,,鄭德淵,高國香、許瑞坤、蔡永文、蕭慶瑜、蘇顯達、鍾耀光
104,2,常態,音樂,演出,拉縴人青年合唱團,拉縴人青年合唱團2016音樂會,,,鄭德淵,高國香、許瑞坤、蔡永文、蕭慶瑜、蘇顯達、鍾耀光
104,2,常態,音樂,委託創作,台灣師友愛樂協會,《心心鄉惜(四)－室內樂篇》,,,鄭德淵,高國香、許瑞坤、蔡永文、蕭慶瑜、蘇顯達、鍾耀光
104,2,常態,音樂,演出,張宜,2016張宜小提琴獨奏會,,,鄭德淵,高國香、許瑞坤、蔡永文、蕭慶瑜、蘇顯達、鍾耀光
104,2,常態,音樂,委託創作,中壢市民管樂團,生日急轉彎-原創親子音樂劇,,,鄭德淵,高國香、許瑞坤、蔡永文、蕭慶瑜、蘇顯達、鍾耀光
104,2,常態,音樂,演出,陽光台北交響樂團,義大利‧陽光‧哈洛德-2016陽光台北交響樂團系列音樂會,,,鄭德淵,高國香、許瑞坤、蔡永文、蕭慶瑜、蘇顯達、鍾耀光
104,2,常態,音樂,演出,台北室內合唱團,〈漫遊．Renaissance〉TCS經典人生系列,,,鄭德淵,高國香、許瑞坤、蔡永文、蕭慶瑜、蘇顯達、鍾耀光
104,2,常態,音樂,研習進修,台北世紀合唱團,金牌指揮-杜萬勝老師合唱指揮講座,,,鄭德淵,高國香、許瑞坤、蔡永文、蕭慶瑜、蘇顯達、鍾耀光
104,2,常態,音樂,演出,財團法人台北愛樂文教基金會,人聲管弦樂團－美國香堤克利合唱團,,,鄭德淵,高國香、許瑞坤、蔡永文、蕭慶瑜、蘇顯達、鍾耀光
104,2,常態,音樂,演出,黃世欣,2015黃世欣聲樂獨唱會,,,鄭德淵,高國香、許瑞坤、蔡永文、蕭慶瑜、蘇顯達、鍾耀光
104,2,常態,音樂,演出,陳宜鍾,「我沉睡─但我心清醒」梅湘─對聖嬰耶穌的二十凝視陳宜鍾鋼琴獨奏,,,鄭德淵,高國香、許瑞坤、蔡永文、蕭慶瑜、蘇顯達、鍾耀光
104,2,常態,音樂,委託創作,中華民國現代音樂協會,2015現代音協『三五成群‧非典型』委託創作計畫,,,鄭德淵,高國香、許瑞坤、蔡永文、蕭慶瑜、蘇顯達、鍾耀光
104,2,常態,音樂,演出,財團法人擊樂文教基金會,2016朱宗慶打擊樂團第一季年度音樂會,,,鄭德淵,高國香、許瑞坤、蔡永文、蕭慶瑜、蘇顯達、鍾耀光
104,2,常態,音樂,演出,采風樂坊,采風樂坊2015絲竹臺灣夜,,,鄭德淵,高國香、許瑞坤、蔡永文、蕭慶瑜、蘇顯達、鍾耀光
104,2,常態,音樂,委託創作,怡誠國際藝術工作室,《發現台灣》－趙怡雯台灣作品中提琴獨奏會委託創作,,,鄭德淵,高國香、許瑞坤、蔡永文、蕭慶瑜、蘇顯達、鍾耀光
104,2,常態,音樂,演出,善果藝術事業有限公司,金色經典─維也納國家廣播交響樂團,,,鄭德淵,高國香、許瑞坤、蔡永文、蕭慶瑜、蘇顯達、鍾耀光
104,2,常態,音樂,演出,隨想室內樂團,隨想演奏家2016系列《舞動笛琴。幸福再現》,,,鄭德淵,高國香、許瑞坤、蔡永文、蕭慶瑜、蘇顯達、鍾耀光
104,2,常態,音樂,演出,林健吉,抒情男高音林健吉聲樂獨唱會,,,鄭德淵,高國香、許瑞坤、蔡永文、蕭慶瑜、蘇顯達、鍾耀光
104,2,常態,音樂,演出,謝琦雯,謝琦雯2016鋼琴獨奏會,,,鄭德淵,高國香、許瑞坤、蔡永文、蕭慶瑜、蘇顯達、鍾耀光
104,2,常態,音樂,演出,盧易之,2016盧易之鋼琴獨奏會,,,鄭德淵,高國香、許瑞坤、蔡永文、蕭慶瑜、蘇顯達、鍾耀光
104,2,常態,音樂,演出,雙溪樂集,東拉西扯,,,鄭德淵,高國香、許瑞坤、蔡永文、蕭慶瑜、蘇顯達、鍾耀光
104,2,常態,音樂,演出,林慈音,從黃昏到黎明,,,鄭德淵,高國香、許瑞坤、蔡永文、蕭慶瑜、蘇顯達、鍾耀光
104,2,常態,音樂,演出,呂超倫,2015呂超倫大提琴獨奏會,,,鄭德淵,高國香、許瑞坤、蔡永文、蕭慶瑜、蘇顯達、鍾耀光
104,2,常態,音樂,委託創作,菁英藝術家,菁英藝術家委託創作計畫,,,鄭德淵,高國香、許瑞坤、蔡永文、蕭慶瑜、蘇顯達、鍾耀光
104,2,常態,音樂,演出,台北愛樂室內樂坊,台北愛樂室內樂坊2016室內樂集,,,鄭德淵,高國香、許瑞坤、蔡永文、蕭慶瑜、蘇顯達、鍾耀光
104,2,常態,音樂,演出,許惠品,2016許惠品鋼琴獨奏會—夜之幻想,,,鄭德淵,高國香、許瑞坤、蔡永文、蕭慶瑜、蘇顯達、鍾耀光
104,2,常態,音樂,演出,嚴俊傑,嚴俊傑鋼琴獨奏會-一日三響系列巡演,,,鄭德淵,高國香、許瑞坤、蔡永文、蕭慶瑜、蘇顯達、鍾耀光
104,2,常態,音樂,演出,梁茜雯,梁茜雯2015小提琴獨奏會,,,鄭德淵,高國香、許瑞坤、蔡永文、蕭慶瑜、蘇顯達、鍾耀光
104,2,常態,音樂,演出,台灣師友愛樂協會,2016德國台灣新音樂交流音樂會及大師班講座,,,鄭德淵,高國香、許瑞坤、蔡永文、蕭慶瑜、蘇顯達、鍾耀光
104,2,常態,音樂,委託創作,台北打擊樂團,委託創作-陳廷銓,,,鄭德淵,高國香、許瑞坤、蔡永文、蕭慶瑜、蘇顯達、鍾耀光
104,2,常態,音樂,演出,莊孟勳,2016莊孟勳中提琴獨奏會,,,鄭德淵,高國香、許瑞坤、蔡永文、蕭慶瑜、蘇顯達、鍾耀光
104,2,常態,音樂,演出,吳思芳,吳思芳長笛獨奏會,,,鄭德淵,高國香、許瑞坤、蔡永文、蕭慶瑜、蘇顯達、鍾耀光
104,2,常態,音樂,演出,吳昱嫺,吳昱嫻2016大提琴獨奏會,,,鄭德淵,高國香、許瑞坤、蔡永文、蕭慶瑜、蘇顯達、鍾耀光
104,2,常態,音樂,演出,台灣室內樂藝術推廣協會,閃亮木管五重奏團定期音樂會,,,鄭德淵,高國香、許瑞坤、蔡永文、蕭慶瑜、蘇顯達、鍾耀光
104,2,常態,音樂,演出,台灣傑出音樂家室內樂團,前維也納愛樂首席費瑟林2015小提琴獨奏會,,,鄭德淵,高國香、許瑞坤、蔡永文、蕭慶瑜、蘇顯達、鍾耀光
104,2,常態,音樂,演出,顏華容,顏華容2016鋼琴獨奏會,,,鄭德淵,高國香、許瑞坤、蔡永文、蕭慶瑜、蘇顯達、鍾耀光
104,2,常態,音樂,演出,木樓合唱團,木樓合唱團2015年度公演《浪漫男聲》音樂會,,,鄭德淵,高國香、許瑞坤、蔡永文、蕭慶瑜、蘇顯達、鍾耀光
104,2,常態,舞蹈,演出,滯留島舞蹈劇場,時代下的灰斑-2015玻璃屋系列Ⅲ,,,吳素芬,吳義芳、周素玲、陳雅萍、黃本婷、蘇安莉、顧哲誠
104,2,常態,舞蹈,演出,HPS舞蹈劇場,《暗角》─HPS舞蹈劇場2015演出計畫,,,吳素芬,吳義芳、周素玲、陳雅萍、黃本婷、蘇安莉、顧哲誠
104,2,常態,舞蹈,演出,三十舞蹈劇場,逃亡2015—巡迴版,,,吳素芬,吳義芳、周素玲、陳雅萍、黃本婷、蘇安莉、顧哲誠
104,2,常態,舞蹈,研討會,財團法人新古典表演藝術基金會,《2015舞蹈文化人類學國際學術研討會—不同視野下之傳統樂舞：傳承、創新與推廣之研究》,,,吳素芬,吳義芳、周素玲、陳雅萍、黃本婷、蘇安莉、顧哲誠
104,2,常態,舞蹈,演出,風乎舞雩跨領域創作聚團,2015栽種關係台南場,,,吳素芬,吳義芳、周素玲、陳雅萍、黃本婷、蘇安莉、顧哲誠
104,2,常態,舞蹈,演出,大唐民族舞團,雨夜花綻現,,,吳素芬,吳義芳、周素玲、陳雅萍、黃本婷、蘇安莉、顧哲誠
104,2,常態,舞蹈,演出,體相舞蹈劇場,《Mr.R2.0-烏托邦》巡迴演出,,,吳素芬,吳義芳、周素玲、陳雅萍、黃本婷、蘇安莉、顧哲誠
104,2,常態,舞蹈,研習進修,世紀當代舞團,《具象˙劇像》表演工作坊,,,吳素芬,吳義芳、周素玲、陳雅萍、黃本婷、蘇安莉、顧哲誠
104,2,常態,舞蹈,演出,林文中舞團,2015《長河》巡演,,,吳素芬,吳義芳、周素玲、陳雅萍、黃本婷、蘇安莉、顧哲誠
104,2,常態,舞蹈,演出,小事製作,《七》SEVENSELVES,,,吳素芬,吳義芳、周素玲、陳雅萍、黃本婷、蘇安莉、顧哲誠
104,2,常態,舞蹈,委託創作,組合語言舞團,組合語言舞團新銳創作展【ID迷藏】,,,吳素芬,吳義芳、周素玲、陳雅萍、黃本婷、蘇安莉、顧哲誠
104,2,常態,舞蹈,演出,財團法人雲門文化藝術基金會,雲門2–十三聲,,,吳素芬,吳義芳、周素玲、陳雅萍、黃本婷、蘇安莉、顧哲誠
104,2,常態,舞蹈,演出,組合語言舞團,組合語言舞團新銳創作展【ID迷藏】,,,吳素芬,吳義芳、周素玲、陳雅萍、黃本婷、蘇安莉、顧哲誠
104,2,常態,舞蹈,演出,驫舞劇場,《TwoDuet／兩對》,,,吳素芬,吳義芳、周素玲、陳雅萍、黃本婷、蘇安莉、顧哲誠
104,2,常態,舞蹈,演出,靈龍舞蹈團,靈龍舞蹈團2015創作展演出計畫─活‧著Living─,,,吳素芬,吳義芳、周素玲、陳雅萍、黃本婷、蘇安莉、顧哲誠
104,2,常態,舞蹈,演出,樂耘舞集,來自丹麥的近距離藝術-遊戲機與舞蹈-danceOmatic,,,吳素芬,吳義芳、周素玲、陳雅萍、黃本婷、蘇安莉、顧哲誠
104,2,常態,舞蹈,演出,野草舞蹈聚落,六出,,,吳素芬,吳義芳、周素玲、陳雅萍、黃本婷、蘇安莉、顧哲誠
104,2,常態,舞蹈,研習進修,舞蹈生態系創意團隊,大地之動舞蹈工作坊─葡萄牙「MovimentoAmalgama」暨澳洲伊莉莎白‧陶曼「與自然共舞」,,,吳素芬,吳義芳、周素玲、陳雅萍、黃本婷、蘇安莉、顧哲誠
104,2,常態,舞蹈,調查與研究,財團法人新古典表演藝術基金會,《撥頭》舞譜記錄,,,吳素芬,吳義芳、周素玲、陳雅萍、黃本婷、蘇安莉、顧哲誠
104,2,常態,舞蹈,演出,8213肢體舞蹈劇場,《可麗婆娑找裁縫CalypsoCallsFortheTailors》,,,吳素芬,吳義芳、周素玲、陳雅萍、黃本婷、蘇安莉、顧哲誠
104,2,常態,舞蹈,演出,極至體能舞蹈團,極至體能舞蹈團2015【奧林痞客】首演計畫,,,吳素芬,吳義芳、周素玲、陳雅萍、黃本婷、蘇安莉、顧哲誠
104,2,常態,舞蹈,策展,張婷婷TTCDance獨立製作,《2016圓桌舞蹈計畫/DanceRoundTable》洛杉磯X布魯塞爾X廣州X臺灣零時差,,,吳素芬,吳義芳、周素玲、陳雅萍、黃本婷、蘇安莉、顧哲誠
104,2,常態,舞蹈,駐團藝術工作者,驫舞劇場,《聲體·身音》聲音藝術家駐團計劃,,,吳素芬,吳義芳、周素玲、陳雅萍、黃本婷、蘇安莉、顧哲誠
104,2,常態,舞蹈,演出,足夢舞人,節外生枝,,,吳素芬,吳義芳、周素玲、陳雅萍、黃本婷、蘇安莉、顧哲誠
104,2,常態,舞蹈,演出,舞工廠舞團,踢踏音樂會-《圓週．律》,,,吳素芬,吳義芳、周素玲、陳雅萍、黃本婷、蘇安莉、顧哲誠
104,2,常態,舞蹈,演出,種子舞團,2016種子舞團-承襲,,,吳素芬,吳義芳、周素玲、陳雅萍、黃本婷、蘇安莉、顧哲誠
104,2,常態,舞蹈,創作,蕭源斌,《微塵‧記憶》,,,吳素芬,吳義芳、周素玲、陳雅萍、黃本婷、蘇安莉、顧哲誠
104,2,常態,舞蹈,演出,索拉舞蹈空間舞團,索拉舞蹈空間2015《低吹沙Driftingsand》,,,吳素芬,吳義芳、周素玲、陳雅萍、黃本婷、蘇安莉、顧哲誠
104,2,常態,舞蹈,演出,光環舞集舞蹈團,《聽舞觀聲》--104新作巡演暨劉紹爐逝世一周年紀念演出,,,吳素芬,吳義芳、周素玲、陳雅萍、黃本婷、蘇安莉、顧哲誠
104,2,常態,舞蹈,演出,種子舞團,2015種子舞團-無止.靜,,,吳素芬,吳義芳、周素玲、陳雅萍、黃本婷、蘇安莉、顧哲誠
104,2,常態,舞蹈,演出,紅瓦民族舞蹈團,蓬萊之歌,,,吳素芬,吳義芳、周素玲、陳雅萍、黃本婷、蘇安莉、顧哲誠
104,2,常態,舞蹈,演出,丞舞製作團隊,浮花,,,吳素芬,吳義芳、周素玲、陳雅萍、黃本婷、蘇安莉、顧哲誠
104,2,常態,舞蹈,演出,肢體音符舞團,2015「青春場」演出計畫,,,吳素芬,吳義芳、周素玲、陳雅萍、黃本婷、蘇安莉、顧哲誠
104,2,常態,舞蹈,演出,TAI身體劇場,「橋下那個跳舞」巡迴演出,,,吳素芬,吳義芳、周素玲、陳雅萍、黃本婷、蘇安莉、顧哲誠
104,2,常態,舞蹈,演出,廖末喜舞蹈劇場,2015年廖末喜舞蹈劇場新創作巡演－「鳳凰花開」,,,吳素芬,吳義芳、周素玲、陳雅萍、黃本婷、蘇安莉、顧哲誠
104,2,常態,舞蹈,演出,台北首督芭蕾舞團,第24季年度創作巡演_四色風景2015,,,吳素芬,吳義芳、周素玲、陳雅萍、黃本婷、蘇安莉、顧哲誠
104,2,常態,舞蹈,演出,婆娑舞集,家..回望鐵道六站巡演,,,吳素芬,吳義芳、周素玲、陳雅萍、黃本婷、蘇安莉、顧哲誠
104,2,常態,舞蹈,演出,高雄城市芭蕾舞團,2016點子鞋DanceShoe,,,吳素芬,吳義芳、周素玲、陳雅萍、黃本婷、蘇安莉、顧哲誠
104,2,常態,舞蹈,創作,黃懷德,身體感,,,吳素芬,吳義芳、周素玲、陳雅萍、黃本婷、蘇安莉、顧哲誠
104,2,常態,戲劇(曲),演出,複象公場,《權力性遊戲》,,,陳正熙,王麗嘉、李國俊、汪俊彥、紀慧玲、容淑華、黎家齊
104,2,常態,戲劇(曲),演出,曉劇場,穢土天堂三部曲：《阿道夫》,,,陳正熙,王麗嘉、李國俊、汪俊彥、紀慧玲、容淑華、黎家齊
104,2,常態,戲劇(曲),演出,莎士比亞的妹妹們的劇團,《晚安母親》,,,陳正熙,王麗嘉、李國俊、汪俊彥、紀慧玲、容淑華、黎家齊
104,2,常態,戲劇(曲),研習進修,國際舞台美術家劇場建築師暨劇場技術師組織,【光＆黑－看不見的光】系列-「細察光影」燈光設計大師工作坊+「光、設計與生活」講座+「光色」覺察漫步,,,陳正熙,王麗嘉、李國俊、汪俊彥、紀慧玲、容淑華、黎家齊
104,2,常態,戲劇(曲),演出,自然而然劇團,自然x環保親子作品《維尼》首演暨公益計畫,,,陳正熙,王麗嘉、李國俊、汪俊彥、紀慧玲、容淑華、黎家齊
104,2,常態,戲劇(曲),演出,藝之美有限公司,兩岸經典陣容聯手打造美學極致─當代崑曲《春江花月夜》,,,陳正熙,王麗嘉、李國俊、汪俊彥、紀慧玲、容淑華、黎家齊
104,2,常態,戲劇(曲),演出,飛人集社劇團,偶愛自然二部曲《大海呀大海》2016巡迴公演,,,陳正熙,王麗嘉、李國俊、汪俊彥、紀慧玲、容淑華、黎家齊
104,2,常態,戲劇(曲),演出,愛慕劇團,愛慕劇團2015年冬季製作《這是一方空地》演出企劃書,,,陳正熙,王麗嘉、李國俊、汪俊彥、紀慧玲、容淑華、黎家齊
104,2,常態,戲劇(曲),演出,楊景翔演劇團,Shopping&F***ing演出計畫,,,陳正熙,王麗嘉、李國俊、汪俊彥、紀慧玲、容淑華、黎家齊
104,2,常態,戲劇(曲),演出,無獨有偶工作室劇團,無獨有偶2016《夜鶯》國際中文版首演製作,,,陳正熙,王麗嘉、李國俊、汪俊彥、紀慧玲、容淑華、黎家齊
104,2,常態,戲劇(曲),演出,創作社劇團,CS監製作品4號《現世寓言》,,,陳正熙,王麗嘉、李國俊、汪俊彥、紀慧玲、容淑華、黎家齊
104,2,常態,戲劇(曲),演出,不想睡遊戲社,黑白跳跳,,,陳正熙,王麗嘉、李國俊、汪俊彥、紀慧玲、容淑華、黎家齊
104,2,常態,戲劇(曲),演出,長義閣掌中劇團,親子劇場〈寶蓮燈-劈山救母〉,,,陳正熙,王麗嘉、李國俊、汪俊彥、紀慧玲、容淑華、黎家齊
104,2,常態,戲劇(曲),研習進修,中華民國傳統民俗文化協會,台灣亂彈戲曲文化傳承－林依芳藝師亂彈戲曲藝術薪傳計畫,,,陳正熙,王麗嘉、李國俊、汪俊彥、紀慧玲、容淑華、黎家齊
104,2,常態,戲劇(曲),研習進修,阮劇團,阮劇團2015《演員實驗室》秋冬團員培訓計畫,,,陳正熙,王麗嘉、李國俊、汪俊彥、紀慧玲、容淑華、黎家齊
104,2,常態,戲劇(曲),演出,全民大劇團,《同學會》加演,,,陳正熙,王麗嘉、李國俊、汪俊彥、紀慧玲、容淑華、黎家齊
104,2,常態,戲劇(曲),演出,盜火劇團,「生存異境」--《那邊的我們》╳《請讓我進去》,,,陳正熙,王麗嘉、李國俊、汪俊彥、紀慧玲、容淑華、黎家齊
104,2,常態,戲劇(曲),演出,褶子劇團,第17屆臺北文學獎舞臺劇本首獎《海》演出計畫,,,陳正熙,王麗嘉、李國俊、汪俊彥、紀慧玲、容淑華、黎家齊
104,2,常態,戲劇(曲),演出,慢島劇團,莎翁野台祭-仲夏夜之夢,,,陳正熙,王麗嘉、李國俊、汪俊彥、紀慧玲、容淑華、黎家齊
104,2,常態,戲劇(曲),演出,黑眼睛跨劇團,舞蹈劇場《默默》計畫,,,陳正熙,王麗嘉、李國俊、汪俊彥、紀慧玲、容淑華、黎家齊
104,2,常態,戲劇(曲),演出,清華閣周祐名掌中劇團,掌藝飛昇‧歡樂親子創作劇場,,,陳正熙,王麗嘉、李國俊、汪俊彥、紀慧玲、容淑華、黎家齊
104,2,常態,戲劇(曲),演出,義興閣掌中劇團,諸羅英雄傳《羅安救萬民》,,,陳正熙,王麗嘉、李國俊、汪俊彥、紀慧玲、容淑華、黎家齊
104,2,常態,戲劇(曲),演出,中國太陽園掌中劇團,掌中乾坤2015布袋戲展演阿罩霧風雲,,,陳正熙,王麗嘉、李國俊、汪俊彥、紀慧玲、容淑華、黎家齊
104,2,常態,戲劇(曲),出版,施如芳,詠而歸：施如芳京豫劇、歌仔戲劇本集,,,陳正熙,王麗嘉、李國俊、汪俊彥、紀慧玲、容淑華、黎家齊
104,2,常態,戲劇(曲),演出,再一次拒絕長大劇團,第五屆公寓聯展－它者,,,陳正熙,王麗嘉、李國俊、汪俊彥、紀慧玲、容淑華、黎家齊
104,2,常態,戲劇(曲),演出,李清照私人劇團感傷動作派,奇愛歌仔戲《石秀》巡演計畫-嘉義,,,陳正熙,王麗嘉、李國俊、汪俊彥、紀慧玲、容淑華、黎家齊
104,2,常態,戲劇(曲),演出,本事劇團,碰老戲─瓊林宴,,,陳正熙,王麗嘉、李國俊、汪俊彥、紀慧玲、容淑華、黎家齊
104,2,常態,戲劇(曲),演出,明珠女子歌劇團,2015年度新製作《雷電相思情》,,,陳正熙,王麗嘉、李國俊、汪俊彥、紀慧玲、容淑華、黎家齊
104,2,常態,戲劇(曲),出版,EX－亞洲劇團,《EX-亞洲當代跨文化原創劇本集》出版計劃,,,陳正熙,王麗嘉、李國俊、汪俊彥、紀慧玲、容淑華、黎家齊
104,2,常態,戲劇(曲),創作,邢本寧,狼與一位名叫東郭的人,,,陳正熙,王麗嘉、李國俊、汪俊彥、紀慧玲、容淑華、黎家齊
104,2,常態,戲劇(曲),創作,詹俊傑,舞台劇劇本《拼裝家族》創作計畫,,,陳正熙,王麗嘉、李國俊、汪俊彥、紀慧玲、容淑華、黎家齊
104,2,常態,戲劇(曲),演出,果陀劇場,舞台劇《ART》2015全新製作,,,陳正熙,王麗嘉、李國俊、汪俊彥、紀慧玲、容淑華、黎家齊
104,2,常態,戲劇(曲),出版,女書文化事業有限公司,《失去了邱妙津還可以愛誰?─我們(women)踏青去》出版暨活動計畫,,,陳正熙,王麗嘉、李國俊、汪俊彥、紀慧玲、容淑華、黎家齊
104,2,常態,戲劇(曲),演出,李靜芳歌仔戲團,李靜芳歌仔戲團－創團大戲《鴛鴦情》,,,陳正熙,王麗嘉、李國俊、汪俊彥、紀慧玲、容淑華、黎家齊
104,2,常態,戲劇(曲),創作,林俐馨,<事與願違>劇本寫作,,,陳正熙,王麗嘉、李國俊、汪俊彥、紀慧玲、容淑華、黎家齊
104,2,常態,戲劇(曲),演出,台南人劇團,2016春天戲水,,,陳正熙,王麗嘉、李國俊、汪俊彥、紀慧玲、容淑華、黎家齊
104,2,常態,戲劇(曲),演出,臺北木偶劇團,2016親子偶戲巡演計畫「咦！天頂哪會破(仰會爛)一個(隻)空？」,,,陳正熙,王麗嘉、李國俊、汪俊彥、紀慧玲、容淑華、黎家齊
104,2,常態,戲劇(曲),研習進修,無獨有偶工作室劇團,2016國際交流【波蘭凡歌蒂劇團國際工作坊】,,,陳正熙,王麗嘉、李國俊、汪俊彥、紀慧玲、容淑華、黎家齊
104,2,常態,戲劇(曲),演出,昇平五洲園,昇平五洲園,,,陳正熙,王麗嘉、李國俊、汪俊彥、紀慧玲、容淑華、黎家齊
104,2,常態,戲劇(曲),演出,綠光劇團,都會生活劇場「老王子」,,,陳正熙,王麗嘉、李國俊、汪俊彥、紀慧玲、容淑華、黎家齊
104,2,常態,戲劇(曲),演出,蕭孟然掌中木偶劇團,親子偶戲環保西遊愛地球,,,陳正熙,王麗嘉、李國俊、汪俊彥、紀慧玲、容淑華、黎家齊
104,2,常態,戲劇(曲),演出,小團體話劇社,台灣新歌劇【阿嬤懷孕記】演出,,,陳正熙,王麗嘉、李國俊、汪俊彥、紀慧玲、容淑華、黎家齊
104,2,常態,戲劇(曲),演出,藍領劇團,那些美好的時光,,,陳正熙,王麗嘉、李國俊、汪俊彥、紀慧玲、容淑華、黎家齊
104,2,常態,戲劇(曲),演出,創劇團,《HereHear讀。聚會》,,,陳正熙,王麗嘉、李國俊、汪俊彥、紀慧玲、容淑華、黎家齊
104,2,常態,戲劇(曲),演出,EX－亞洲劇團,十週年特別企劃《假戲真作》經典再現,,,陳正熙,王麗嘉、李國俊、汪俊彥、紀慧玲、容淑華、黎家齊
104,2,常態,戲劇(曲),演出,身聲劇場,《厝邊皮影班》,,,陳正熙,王麗嘉、李國俊、汪俊彥、紀慧玲、容淑華、黎家齊
104,2,常態,戲劇(曲),創作,魏于嘉,《南國來的孩子》劇本創作計畫,,,陳正熙,王麗嘉、李國俊、汪俊彥、紀慧玲、容淑華、黎家齊
104,2,常態,戲劇(曲),研習進修,南島十八劇場,通向詩意身體之路-法國『陽光劇團』表演工作坊,,,陳正熙,王麗嘉、李國俊、汪俊彥、紀慧玲、容淑華、黎家齊
104,2,常態,文化資產,調查與研究,尤巴斯．瓦旦,「大甲溪流域司拉茂(slamaw)戰役踏查」,,,明立國,萬煜瑤、許美雲、黃志農、賴澤涵
104,2,常態,文化資產,調查與研究,廣鴻興有限公司,埔里廣興紙寮文化資產保存技術及保存者調查研究,,,明立國,萬煜瑤、許美雲、黃志農、賴澤涵
104,2,常態,文化資產,調查與研究,安君毅(LaucuDruluan),魯凱族古茶布安(好茶)部落傳統歌謠調查採集影音記錄建置,,,明立國,萬煜瑤、許美雲、黃志農、賴澤涵
104,2,常態,文化資產,調查與研究,張美鳳,青春不遠─洪串珠和她的同學們,,,明立國,萬煜瑤、許美雲、黃志農、賴澤涵
104,2,常態,文化資產,研習進修,財團法人吳三連台灣史料基金會,2016第18屆「新台灣史研習營」：首都台北show歷史,,,明立國,萬煜瑤、許美雲、黃志農、賴澤涵
104,2,常態,文化資產,出版,陳仕賢,惠馨傳藝,,,明立國,萬煜瑤、許美雲、黃志農、賴澤涵
104,2,常態,文化資產,調查與研究,陳建華,臺灣蓪草紙花與相關工藝調查,,,明立國,萬煜瑤、許美雲、黃志農、賴澤涵
104,2,常態,文化資產,出版,李瑞和,「我們的部落我的家~tjulen-tjuguvje傳家古文物」出版計畫,,,明立國,萬煜瑤、許美雲、黃志農、賴澤涵
104,2,常態,文化資產,調查與研究,財團法人鄉土藝術文教基金會,國定古蹟鹿港龍山寺門神彩繪修復前置之調查與復原圖施作計畫,,,明立國,萬煜瑤、許美雲、黃志農、賴澤涵
104,2,常態,視聽媒體藝術,調查與研究,蘇致亨,重寫臺灣電影產業史（1950s-1970s）──臺語片的興衰起落和彩色技術轉型,,,龍男．以撒克．凡亞思,王世偉、王婷妮、林木材、孫松榮、高重黎、羅申駿
104,2,常態,視聽媒體藝術,紀錄片之製作,紀岳君,徐自強給的練習題,,,龍男．以撒克．凡亞思,王世偉、王婷妮、林木材、孫松榮、高重黎、羅申駿
104,2,常態,視聽媒體藝術,動畫短片之製作,百士克動畫有限公司,動畫短片-白色隧道,,,龍男．以撒克．凡亞思,王世偉、王婷妮、林木材、孫松榮、高重黎、羅申駿
104,2,常態,視聽媒體藝術,映演,李立劭,滇緬游擊隊三部曲“那山人這山事”巡迴放映,,,龍男．以撒克．凡亞思,王世偉、王婷妮、林木材、孫松榮、高重黎、羅申駿
104,2,常態,視聽媒體藝術,紀錄片之製作,黃凰原,立雪,,,龍男．以撒克．凡亞思,王世偉、王婷妮、林木材、孫松榮、高重黎、羅申駿
104,2,常態,視聽媒體藝術,紀錄片之製作,盧昱瑞,水路－－遠洋紀行,,,龍男．以撒克．凡亞思,王世偉、王婷妮、林木材、孫松榮、高重黎、羅申駿
104,2,常態,視聽媒體藝術,紀錄片之製作,王婉柔,擬音,,,龍男．以撒克．凡亞思,王世偉、王婷妮、林木材、孫松榮、高重黎、羅申駿
104,2,常態,視聽媒體藝術,實驗電影之製作,林泰州,《那煙燻濕了你的眼》,,,龍男．以撒克．凡亞思,王世偉、王婷妮、林木材、孫松榮、高重黎、羅申駿
104,2,常態,視聽媒體藝術,紀錄片之製作,陳惠萍,漂流廚房,,,龍男．以撒克．凡亞思,王世偉、王婷妮、林木材、孫松榮、高重黎、羅申駿
104,2,常態,視聽媒體藝術,映演,黃淑梅,《給親愛的孩子》台灣百年山林開拓史紀錄片巡迴放映計畫,,,龍男．以撒克．凡亞思,王世偉、王婷妮、林木材、孫松榮、高重黎、羅申駿
104,2,常態,視聽媒體藝術,動畫短片之製作,吳德淳,《暗河》,,,龍男．以撒克．凡亞思,王世偉、王婷妮、林木材、孫松榮、高重黎、羅申駿
104,2,常態,視聽媒體藝術,紀錄片之製作,周文欽,蹦火OceanSparks,,,龍男．以撒克．凡亞思,王世偉、王婷妮、林木材、孫松榮、高重黎、羅申駿
104,2,常態,藝文環境與發展,研習進修,藝畝田藝文工作室,1510藝文意識小劇場,,,柯基良,李彥甫、李應平、胡永芬、簡秀枝
104,2,常態,藝文環境與發展,藝文專業服務平台計畫,蔚龍藝術有限公司,一片繽紛花海--大稻埕花布設計傳承計畫,,,柯基良,李彥甫、李應平、胡永芬、簡秀枝
104,2,常態,藝文環境與發展,藝文專業服務平台計畫,在地實驗文化事業有限公司,「在地實驗2.0：文化行動與數位協作平台建置計畫」état2.0:APlantformforCultureandAction,,,柯基良,李彥甫、李應平、胡永芬、簡秀枝
104,2,常態,藝文環境與發展,藝文專業服務平台計畫,一家親國際生活事業有限公司,金門後浦藝文專業服務平台計劃,,,柯基良,李彥甫、李應平、胡永芬、簡秀枝
104,2,常態,藝文環境與發展,藝文專業服務平台計畫,社團法人台灣女性影像學會,女影網站改版暨DVD出版計畫,,,柯基良,李彥甫、李應平、胡永芬、簡秀枝
104,2,常態,美術,創作,陳瀅如,《星際評估》,,,梅丁衍,王嘉驥、吳超然、李俊賢、徐玫瑩、陶亞倫、蔣伯欣
104,2,常態,美術,創作,余政達,不只是一個空氣清淨機與一台太空滑步機和一位灰鞋策展人,,,梅丁衍,王嘉驥、吳超然、李俊賢、徐玫瑩、陶亞倫、蔣伯欣
104,2,常態,美術,創作,林純用,山海共生‧天人錯位‧回到里山──環境藝術創作行動,,,梅丁衍,王嘉驥、吳超然、李俊賢、徐玫瑩、陶亞倫、蔣伯欣
104,2,常態,美術,創作,丁建中,「Sowewhere某處」-2016丁建中創作計劃,,,梅丁衍,王嘉驥、吳超然、李俊賢、徐玫瑩、陶亞倫、蔣伯欣
104,2,常態,美術,創作,李子勳,異星人飛行器系列：序列式戴具,,,梅丁衍,王嘉驥、吳超然、李俊賢、徐玫瑩、陶亞倫、蔣伯欣
104,2,常態,美術,展覽,陳傳根,《寫針集─陳傳根個展》,,,梅丁衍,王嘉驥、吳超然、李俊賢、徐玫瑩、陶亞倫、蔣伯欣
104,2,常態,美術,創作,倪祥,無言絕句,,,梅丁衍,王嘉驥、吳超然、李俊賢、徐玫瑩、陶亞倫、蔣伯欣
104,2,常態,美術,展覽,水色藝術工坊,水風光2046-第二屆台南水岸藝術節,,,梅丁衍,王嘉驥、吳超然、李俊賢、徐玫瑩、陶亞倫、蔣伯欣
104,2,常態,美術,展覽,絕對空間藝術工作室,不再空間（NoMoreSpace）,,,梅丁衍,王嘉驥、吳超然、李俊賢、徐玫瑩、陶亞倫、蔣伯欣
104,2,常態,美術,展覽,焦聖偉,眼蟲計畫-大地魂,,,梅丁衍,王嘉驥、吳超然、李俊賢、徐玫瑩、陶亞倫、蔣伯欣
104,2,常態,美術,創作,吳其育,《聲線SoundRoute：關於印尼華人的歷史、樂音和記憶》,,,梅丁衍,王嘉驥、吳超然、李俊賢、徐玫瑩、陶亞倫、蔣伯欣
104,2,常態,美術,展覽,郭奕臣,郭奕臣個展伊通公園,,,梅丁衍,王嘉驥、吳超然、李俊賢、徐玫瑩、陶亞倫、蔣伯欣
104,2,常態,美術,創作,廖建清,為形,,,梅丁衍,王嘉驥、吳超然、李俊賢、徐玫瑩、陶亞倫、蔣伯欣
104,2,常態,美術,創作,羅仕東,中國城：在漆黑裡人們在角落所能見到的就只是一個大球,,,梅丁衍,王嘉驥、吳超然、李俊賢、徐玫瑩、陶亞倫、蔣伯欣
104,2,常態,美術,展覽,曾鈺涓,第三回合─沈聖博紀念展,,,梅丁衍,王嘉驥、吳超然、李俊賢、徐玫瑩、陶亞倫、蔣伯欣
104,2,常態,美術,創作,杜珮詩,遺願LastWills,,,梅丁衍,王嘉驥、吳超然、李俊賢、徐玫瑩、陶亞倫、蔣伯欣
104,2,常態,美術,出版,林心如,《影像X藝術書寫‧訪談》出版計劃,,"出版品資訊：
頁數／320
尺寸／21X14.8CM
裝訂／平裝
級別／無
語言／中文/繁體",梅丁衍,王嘉驥、吳超然、李俊賢、徐玫瑩、陶亞倫、蔣伯欣
104,2,常態,美術,展覽,謝家瑜,謝家瑜/北美館個展,,,梅丁衍,王嘉驥、吳超然、李俊賢、徐玫瑩、陶亞倫、蔣伯欣
104,2,常態,美術,創作,侯怡亭,科學矯正學─重複使力傷害症候群RSI-T,,,梅丁衍,王嘉驥、吳超然、李俊賢、徐玫瑩、陶亞倫、蔣伯欣
104,2,常態,美術,創作,張永達,2015相對感度創作計畫,,"本創作計畫展覽資訊：
展覽名稱：第十屆台北數位藝術節
展覽日期：2015.11.13-11.22
展覽地點：松山文創園區製菸廠北向一樓-南向二樓-東向一樓
作品名稱：相對感度Nº2
展覽網址：http://digitalartfestival.tw/daf15/zh/platform-1-01.html",梅丁衍,王嘉驥、吳超然、李俊賢、徐玫瑩、陶亞倫、蔣伯欣
104,2,常態,美術,展覽,齁實驗工作坊,養生之道：2015台南永福路二段冬季街區運動會,,,梅丁衍,王嘉驥、吳超然、李俊賢、徐玫瑩、陶亞倫、蔣伯欣
104,2,常態,美術,創作,林龍杰,零件化衍出的生物性身體,,本創作計畫展覽名稱為《林龍杰-陶瓷創作展幻化重組的擬現》展覽時間地點如右方資訊欄所示。,梅丁衍,王嘉驥、吳超然、李俊賢、徐玫瑩、陶亞倫、蔣伯欣
104,2,常態,美術,展覽,紫藤廬有限公司紫藤廬分公司,「雲根未斷落凡來－再見于彭」,,,梅丁衍,王嘉驥、吳超然、李俊賢、徐玫瑩、陶亞倫、蔣伯欣
104,2,常態,美術,創作,邱子晏,《他》作品創作計畫,,,梅丁衍,王嘉驥、吳超然、李俊賢、徐玫瑩、陶亞倫、蔣伯欣
104,2,常態,美術,創作,李燕華,寄。託,,,梅丁衍,王嘉驥、吳超然、李俊賢、徐玫瑩、陶亞倫、蔣伯欣
104,2,常態,美術,創作,陳伯義,後莫拉克,,,梅丁衍,王嘉驥、吳超然、李俊賢、徐玫瑩、陶亞倫、蔣伯欣
104,2,常態,美術,創作,李姿玲,極地求生-極端環境變遷下的生存指南,,,梅丁衍,王嘉驥、吳超然、李俊賢、徐玫瑩、陶亞倫、蔣伯欣
104,2,常態,美術,創作,吳淑麟,「琢˙磨˙色」創作計畫,,"本創作計畫展覽資訊：
展覽名稱：Serendipity--國際當代首飾巡迴展PartI
展覽時間：2017.03.10~04.08
展覽地點：台大地質標本館
展覽形式：聯展
網址：https://flipermag.com/2017/03/16/serendipity-2/",梅丁衍,王嘉驥、吳超然、李俊賢、徐玫瑩、陶亞倫、蔣伯欣
104,2,常態,美術,創作,林嘉貞,WARK,,,梅丁衍,王嘉驥、吳超然、李俊賢、徐玫瑩、陶亞倫、蔣伯欣
104,2,常態,美術,創作,邱昭財,「光˙景」創作計畫,,,梅丁衍,王嘉驥、吳超然、李俊賢、徐玫瑩、陶亞倫、蔣伯欣
104,2,常態,美術,創作,蘇煌盛,模糊的肖像畫,,,梅丁衍,王嘉驥、吳超然、李俊賢、徐玫瑩、陶亞倫、蔣伯欣
104,2,常態,美術,創作,李耀生,「物體之形」李耀生金屬造形鋼鐵雕塑創作,,,梅丁衍,王嘉驥、吳超然、李俊賢、徐玫瑩、陶亞倫、蔣伯欣
104,2,常態,美術,展覽,張嘉穎,《暗夜莎皮諾》張嘉穎個展,,,梅丁衍,王嘉驥、吳超然、李俊賢、徐玫瑩、陶亞倫、蔣伯欣
104,2,常態,美術,展覽,黃韶瑩,戚戚的體質─黃韶瑩創作個展,,,梅丁衍,王嘉驥、吳超然、李俊賢、徐玫瑩、陶亞倫、蔣伯欣
104,2,常態,美術,創作,蒲帥成,搖椅上的夥伴,,,梅丁衍,王嘉驥、吳超然、李俊賢、徐玫瑩、陶亞倫、蔣伯欣
104,2,常態,美術,展覽,城市故事人,住宿地theplacetostay,,,梅丁衍,王嘉驥、吳超然、李俊賢、徐玫瑩、陶亞倫、蔣伯欣
104,2,常態,美術,創作,蔡奕勳,省目廣告－高牆型錄,,,梅丁衍,王嘉驥、吳超然、李俊賢、徐玫瑩、陶亞倫、蔣伯欣
104,2,常態,美術,展覽,草埕文化藝術工作室,《末日再生》台灣‧澳門的交流與對話,,,梅丁衍,王嘉驥、吳超然、李俊賢、徐玫瑩、陶亞倫、蔣伯欣
104,2,常態,美術,展覽,財團法人世界宗教博物館發展基金會,與自然對話─紙纖維藝術雙年展,,,梅丁衍,王嘉驥、吳超然、李俊賢、徐玫瑩、陶亞倫、蔣伯欣
104,2,常態,美術,展覽,丁柏晏,DRAW─PAINT,,,梅丁衍,王嘉驥、吳超然、李俊賢、徐玫瑩、陶亞倫、蔣伯欣
104,2,常態,美術,創作,陳哲偉,陳哲偉台北市立美術館新場域創作計畫：養神院,,,梅丁衍,王嘉驥、吳超然、李俊賢、徐玫瑩、陶亞倫、蔣伯欣
104,2,常態,美術,展覽,曾秉芳,植物慢游2015Lahok曾秉芳個展展覽補助,,,梅丁衍,王嘉驥、吳超然、李俊賢、徐玫瑩、陶亞倫、蔣伯欣
104,2,常態,美術,創作,陳雲,影。重置時序和記憶的詩,,,梅丁衍,王嘉驥、吳超然、李俊賢、徐玫瑩、陶亞倫、蔣伯欣
104,2,常態,美術,創作,張皓涵,偷生,,,梅丁衍,王嘉驥、吳超然、李俊賢、徐玫瑩、陶亞倫、蔣伯欣
104,2,常態,美術,展覽,郭慧禪,游戲迷宮IV─郭慧禪個展,,,梅丁衍,王嘉驥、吳超然、李俊賢、徐玫瑩、陶亞倫、蔣伯欣
104,2,常態,美術,展覽,鄭先喻,Habitat－電子生態圈計劃,,,梅丁衍,王嘉驥、吳超然、李俊賢、徐玫瑩、陶亞倫、蔣伯欣
104,2,常態,美術,展覽,立方計劃空間,變文書-陳界仁影像、生產、行動與文件,,,梅丁衍,王嘉驥、吳超然、李俊賢、徐玫瑩、陶亞倫、蔣伯欣
104,2,常態,美術,創作,邱承宏,結晶河流,,,梅丁衍,王嘉驥、吳超然、李俊賢、徐玫瑩、陶亞倫、蔣伯欣
104,2,常態,美術,創作,洪秀慧,Stilllife,,,梅丁衍,王嘉驥、吳超然、李俊賢、徐玫瑩、陶亞倫、蔣伯欣
104,2,常態,美術,展覽,財團法人邱再興文教基金會,織本主義ModernWeavolution,,,梅丁衍,王嘉驥、吳超然、李俊賢、徐玫瑩、陶亞倫、蔣伯欣
104,2,常態,美術,展覽,蕭美玲,彼方.事逝,,,梅丁衍,王嘉驥、吳超然、李俊賢、徐玫瑩、陶亞倫、蔣伯欣
104,2,常態,美術,展覽,海馬迴藝坊,《Self-sufficientLife》增山士郎個展,,,梅丁衍,王嘉驥、吳超然、李俊賢、徐玫瑩、陶亞倫、蔣伯欣
104,2,常態,美術,展覽,中華民國版畫學會,版畫的傳與承─知遇‧緣聚在廖修平80年,,,梅丁衍,王嘉驥、吳超然、李俊賢、徐玫瑩、陶亞倫、蔣伯欣
104,2,常態,美術,創作,朱芳毅,閱讀圖像,,,梅丁衍,王嘉驥、吳超然、李俊賢、徐玫瑩、陶亞倫、蔣伯欣
104,2,常態,美術,研習進修,台灣台北當代藝術中心協會,2015TCAC策展學校,,,梅丁衍,王嘉驥、吳超然、李俊賢、徐玫瑩、陶亞倫、蔣伯欣
104,2,常態,美術,創作,李偵綾,《借景》電腦提花梭織複合媒材創作計畫,,,梅丁衍,王嘉驥、吳超然、李俊賢、徐玫瑩、陶亞倫、蔣伯欣
104,2,常態,美術,展覽,佐佐目藝文工作室,邊陲微光：台南早期藝文空間調研展(1),,,梅丁衍,王嘉驥、吳超然、李俊賢、徐玫瑩、陶亞倫、蔣伯欣
104,2,常態,美術,創作,莊克柔,陽台景觀,,,梅丁衍,王嘉驥、吳超然、李俊賢、徐玫瑩、陶亞倫、蔣伯欣
104,2,常態,美術,展覽,李銘盛,『物與聲音的裝置─我那會吶喊的作品』展覽計畫,,,梅丁衍,王嘉驥、吳超然、李俊賢、徐玫瑩、陶亞倫、蔣伯欣
104,2,常態,美術,創作,闕巧涵,憂傷噴泉（理性尺度邊緣）,,,梅丁衍,王嘉驥、吳超然、李俊賢、徐玫瑩、陶亞倫、蔣伯欣
104,2,常態,美術,展覽,陳逸堅,《斯金納箱+德羅斯特效應－陳逸堅「三部曲」系列個展》,,,梅丁衍,王嘉驥、吳超然、李俊賢、徐玫瑩、陶亞倫、蔣伯欣
104,2,常態,美術,創作,周育正,《金爐》與《鍍鈦鍍鋁鋅銅板》,,,梅丁衍,王嘉驥、吳超然、李俊賢、徐玫瑩、陶亞倫、蔣伯欣
104,2,常態,美術,創作,高俊宏,邊語：晶體洋涇濱,,,梅丁衍,王嘉驥、吳超然、李俊賢、徐玫瑩、陶亞倫、蔣伯欣
104,1,常態,文學,出版,前衛出版社,《逆光的系譜──笠詩人與詩人論》出版計畫,,,向陽,周芬伶、孟樊、林文義、林黛嫚、胡金倫、趙衛民
104,1,常態,文學,研習進修,財團法人賴和文教基金會,2015賴和營：青春行過東,,,向陽,周芬伶、孟樊、林文義、林黛嫚、胡金倫、趙衛民
104,1,常態,文學,出版,張家瑞,《三本恕不拆售》煮雪的人、若斯諾．孟、鶇鶇聯合詩集出版計畫,,,向陽,周芬伶、孟樊、林文義、林黛嫚、胡金倫、趙衛民
104,1,常態,文學,創作,江佩津,《廢墟》散文集創作計畫,,,向陽,周芬伶、孟樊、林文義、林黛嫚、胡金倫、趙衛民
104,1,常態,文學,出版,詹閔旭,《搜尋的日光：楊牧的跨文化詩學》翻譯出版計畫,,,向陽,周芬伶、孟樊、林文義、林黛嫚、胡金倫、趙衛民
104,1,常態,文學,創作,林力敏,《台北寓城》散文創作計畫,,,向陽,周芬伶、孟樊、林文義、林黛嫚、胡金倫、趙衛民
104,1,常態,文學,創作,陳雅馨,居民,,,向陽,周芬伶、孟樊、林文義、林黛嫚、胡金倫、趙衛民
104,1,常態,文學,創作,曾湘綾,離星星最近的地方,,,向陽,周芬伶、孟樊、林文義、林黛嫚、胡金倫、趙衛民
104,1,常態,文學,創作,陳韋任,《我愛打氣貓》少兒小說創作計畫,,,向陽,周芬伶、孟樊、林文義、林黛嫚、胡金倫、趙衛民
104,1,常態,文學,創作,謝旺霖,《走河》－旅行文學創作計畫,,,向陽,周芬伶、孟樊、林文義、林黛嫚、胡金倫、趙衛民
104,1,常態,文學,創作,黃芝雲,《路在哪裡？》散文/報導文學寫作計畫,,,向陽,周芬伶、孟樊、林文義、林黛嫚、胡金倫、趙衛民
104,1,常態,文學,出版,廖啟余,出版小品文集《別裁》案,,,向陽,周芬伶、孟樊、林文義、林黛嫚、胡金倫、趙衛民
104,1,常態,文學,創作,紀明宗,詩集《借過，歷史……》創作計畫,,,向陽,周芬伶、孟樊、林文義、林黛嫚、胡金倫、趙衛民
104,1,常態,文學,創作,夏曼．藍波安,安洛米恩死了,,,向陽,周芬伶、孟樊、林文義、林黛嫚、胡金倫、趙衛民
104,1,常態,文學,創作,吳亦偉,「恥部」創作計畫,,,向陽,周芬伶、孟樊、林文義、林黛嫚、胡金倫、趙衛民
104,1,常態,文學,創作,蔣亞妮,寫你,,,向陽,周芬伶、孟樊、林文義、林黛嫚、胡金倫、趙衛民
104,1,常態,文學,出版,遠景出版事業有限公司,岩上詩集《變體螢火蟲》出版計畫,,,向陽,周芬伶、孟樊、林文義、林黛嫚、胡金倫、趙衛民
104,1,常態,文學,創作,張俐璇,歷史的港灣：2009~2015台灣長篇小說評論計畫,,,向陽,周芬伶、孟樊、林文義、林黛嫚、胡金倫、趙衛民
104,1,常態,文學,出版,閻鴻亞,鴻鴻詩集《暴民之歌》,,,向陽,周芬伶、孟樊、林文義、林黛嫚、胡金倫、趙衛民
104,1,常態,文學,調查與研究,李雅莉,李榮春之樹──枝繁葉茂德頭城李家,,,向陽,周芬伶、孟樊、林文義、林黛嫚、胡金倫、趙衛民
104,1,常態,文學,出版,王麗琴,《張開另一隻眼》港都在地少年小說,,,向陽,周芬伶、孟樊、林文義、林黛嫚、胡金倫、趙衛民
104,1,常態,文學,出版,粘哲榮,詩集《孤獨十二練習曲》出版計畫,,,向陽,周芬伶、孟樊、林文義、林黛嫚、胡金倫、趙衛民
104,1,常態,文學,出版,台灣客家筆會,《客語文學小說選》出版計畫,,,向陽,周芬伶、孟樊、林文義、林黛嫚、胡金倫、趙衛民
104,1,常態,文學,創作,張捷明,客語散文「赤腳跋上雲頂高」(赤腳爬上雲端),,,向陽,周芬伶、孟樊、林文義、林黛嫚、胡金倫、趙衛民
104,1,常態,文學,出版,陳倚芬,《闇覗者的回返》,,,向陽,周芬伶、孟樊、林文義、林黛嫚、胡金倫、趙衛民
104,1,常態,文學,創作,陳利成,《月光》台語新詩創作計畫,,,向陽,周芬伶、孟樊、林文義、林黛嫚、胡金倫、趙衛民
104,1,常態,文學,研習進修,財團法人耕莘文教基金會,在子彈上雕花─104年耕莘文學推廣系列課程,,,向陽,周芬伶、孟樊、林文義、林黛嫚、胡金倫、趙衛民
104,1,常態,文學,創作,黃奕瀠,災難安魂曲,,,向陽,周芬伶、孟樊、林文義、林黛嫚、胡金倫、趙衛民
104,1,常態,文學,創作,楊文馨,《結婚座》散文創作集,,,向陽,周芬伶、孟樊、林文義、林黛嫚、胡金倫、趙衛民
104,1,常態,文學,創作,吳明倫,《留神》短篇小說集創作計畫,,,向陽,周芬伶、孟樊、林文義、林黛嫚、胡金倫、趙衛民
104,1,常態,文學,創作,張子午,巴爾幹之路,,,向陽,周芬伶、孟樊、林文義、林黛嫚、胡金倫、趙衛民
104,1,常態,文學,創作,楊莉敏,《世界是野獸的》散文創作計畫,,,向陽,周芬伶、孟樊、林文義、林黛嫚、胡金倫、趙衛民
104,1,常態,文學,創作,鄒欣寧,《有樹的一年》報導．文學創作,,,向陽,周芬伶、孟樊、林文義、林黛嫚、胡金倫、趙衛民
104,1,常態,文學,出版,陳榕笙,《如何拍攝靜止的閃電》短篇小說集出版計畫,,,向陽,周芬伶、孟樊、林文義、林黛嫚、胡金倫、趙衛民
104,1,常態,文學,調查與研究,文訊雜誌社,文學出版的一則傳奇：爾雅出版社（1975-）發展調查研究計畫,,,向陽,周芬伶、孟樊、林文義、林黛嫚、胡金倫、趙衛民
104,1,常態,音樂,演出,林一忻,2015林一忻小提琴獨奏會,,,鄭德淵,高國香、許瑞坤、劉榮義、蔡永文、蕭慶瑜、蘇顯達
104,1,常態,音樂,演出,王千玳,王千玳2015中提琴獨奏會,,,鄭德淵,高國香、許瑞坤、劉榮義、蔡永文、蕭慶瑜、蘇顯達
104,1,常態,音樂,演出,中山女高校友合唱團,中山女高校友合唱團2015年度音樂會－海洋之聲,,,鄭德淵,高國香、許瑞坤、劉榮義、蔡永文、蕭慶瑜、蘇顯達
104,1,常態,音樂,演出,許軒豪,許軒豪2015小提琴獨奏會,,,鄭德淵,高國香、許瑞坤、劉榮義、蔡永文、蕭慶瑜、蘇顯達
104,1,常態,音樂,演出,台灣藝術家音樂交流協會,"刁刻,古陵穎德國藝術歌曲之夜",,,鄭德淵,高國香、許瑞坤、劉榮義、蔡永文、蕭慶瑜、蘇顯達
104,1,常態,音樂,演出,林聖縈,林聖縈鋼琴獨奏會,,,鄭德淵,高國香、許瑞坤、劉榮義、蔡永文、蕭慶瑜、蘇顯達
104,1,常態,音樂,出版,C-Camerata,認識C.P.E.巴赫,,,鄭德淵,高國香、許瑞坤、劉榮義、蔡永文、蕭慶瑜、蘇顯達
104,1,常態,音樂,演出,傅捷陞,男中音傅捷陞獨唱會-情何堪,,,鄭德淵,高國香、許瑞坤、劉榮義、蔡永文、蕭慶瑜、蘇顯達
104,1,常態,音樂,演出,太古琴館,琴韻春生─太古琴館古琴音樂會,,,鄭德淵,高國香、許瑞坤、劉榮義、蔡永文、蕭慶瑜、蘇顯達
104,1,常態,音樂,演出,琴園國樂團,【長安樂派跨海來】曲文軍、金偉、馬迪聯合音樂會,,,鄭德淵,高國香、許瑞坤、劉榮義、蔡永文、蕭慶瑜、蘇顯達
104,1,常態,音樂,演出,弦樂之音弦樂團,弦樂之音2015年度音樂會,,,鄭德淵,高國香、許瑞坤、劉榮義、蔡永文、蕭慶瑜、蘇顯達
104,1,常態,音樂,演出,善果藝術事業有限公司,瓦薩里大師講座鋼琴獨奏會,,,鄭德淵,高國香、許瑞坤、劉榮義、蔡永文、蕭慶瑜、蘇顯達
104,1,常態,音樂,出版,苗栗縣郭芝苑音樂協進會,紅薔薇---郭芝苑留給我們的旋律,,,鄭德淵,高國香、許瑞坤、劉榮義、蔡永文、蕭慶瑜、蘇顯達
104,1,常態,音樂,演出,天籟樂坊,雙鋼琴雙打擊音樂會,,,鄭德淵,高國香、許瑞坤、劉榮義、蔡永文、蕭慶瑜、蘇顯達
104,1,常態,音樂,出版,福爾摩沙合唱團,台灣青年節慶合唱團十週年紀念專輯,,,鄭德淵,高國香、許瑞坤、劉榮義、蔡永文、蕭慶瑜、蘇顯達
104,1,常態,音樂,演出,台北柳琴室內樂團,弦上飛音2,,,鄭德淵,高國香、許瑞坤、劉榮義、蔡永文、蕭慶瑜、蘇顯達
104,1,常態,音樂,演出,木樓合唱團,木樓合唱團2015年度公演《樂揚歐洲》系列音樂會,,,鄭德淵,高國香、許瑞坤、劉榮義、蔡永文、蕭慶瑜、蘇顯達
104,1,常態,音樂,出版,中華民國現代音樂協會,2015現代音協作曲家有聲專集出版計畫,,,鄭德淵,高國香、許瑞坤、劉榮義、蔡永文、蕭慶瑜、蘇顯達
104,1,常態,音樂,演出,徐家駒低音管室內樂團,2015徐家駒低音管室內樂團定期音樂會,,,鄭德淵,高國香、許瑞坤、劉榮義、蔡永文、蕭慶瑜、蘇顯達
104,1,常態,音樂,演出,方馨,﹝TheCurrent﹞─方馨2015打擊樂獨奏會,,,鄭德淵,高國香、許瑞坤、劉榮義、蔡永文、蕭慶瑜、蘇顯達
104,1,常態,音樂,演出,高雄市管樂團,綺霓旅程、歐洲回憶,,,鄭德淵,高國香、許瑞坤、劉榮義、蔡永文、蕭慶瑜、蘇顯達
104,1,常態,音樂,演出,Legato樂聚,聽見世界─謝嘉玲、NathanNabb鋼琴與薩克斯風二重奏音樂會,,,鄭德淵,高國香、許瑞坤、劉榮義、蔡永文、蕭慶瑜、蘇顯達
104,1,常態,音樂,演出,仙后座箏樂團,【2015古箏名家名曲講座音樂會系列】,,,鄭德淵,高國香、許瑞坤、劉榮義、蔡永文、蕭慶瑜、蘇顯達
104,1,常態,音樂,演出,台北青年管樂團,台北青年管樂團2015年定期音樂會,,,鄭德淵,高國香、許瑞坤、劉榮義、蔡永文、蕭慶瑜、蘇顯達
104,1,常態,音樂,演出,中提琴家樂團,2015台北四重奏年度音樂會~主題解說式音樂會〈四〉,,,鄭德淵,高國香、許瑞坤、劉榮義、蔡永文、蕭慶瑜、蘇顯達
104,1,常態,音樂,演出,小巨人絲竹樂團,2015-1兩岸薪傳系列音樂會,,,鄭德淵,高國香、許瑞坤、劉榮義、蔡永文、蕭慶瑜、蘇顯達
104,1,常態,音樂,演出,洪幗襄,洪幗襄2015小提琴獨奏會,,,鄭德淵,高國香、許瑞坤、劉榮義、蔡永文、蕭慶瑜、蘇顯達
104,1,常態,音樂,演出,銅板表演藝術,愛麗絲的法式甜點下午茶-親子音樂會,,,鄭德淵,高國香、許瑞坤、劉榮義、蔡永文、蕭慶瑜、蘇顯達
104,1,常態,音樂,演出,樂享室內樂團,提琴家的對話-弦樂四重奏音樂會,,,鄭德淵,高國香、許瑞坤、劉榮義、蔡永文、蕭慶瑜、蘇顯達
104,1,常態,音樂,演出,財團法人台北愛樂文教基金會,2015亞洲青年管弦樂團25周年訪台音樂會,,,鄭德淵,高國香、許瑞坤、劉榮義、蔡永文、蕭慶瑜、蘇顯達
104,1,常態,音樂,演出,絲竹空爵士樂團,十歲‧拾穗演出計畫,,,鄭德淵,高國香、許瑞坤、劉榮義、蔡永文、蕭慶瑜、蘇顯達
104,1,常態,音樂,演出,台灣璇音雅集,【音聲相合】2015新台灣音樂聲樂作品發表會,,,鄭德淵,高國香、許瑞坤、劉榮義、蔡永文、蕭慶瑜、蘇顯達
104,1,常態,音樂,演出,天籟樂坊,劉孟捷鋼琴獨奏會-布拉姆斯系列音樂會(三),,,鄭德淵,高國香、許瑞坤、劉榮義、蔡永文、蕭慶瑜、蘇顯達
104,1,常態,音樂,演出,高雄室內合唱團,『世界拼圖4─亞洲篇』音樂會,,,鄭德淵,高國香、許瑞坤、劉榮義、蔡永文、蕭慶瑜、蘇顯達
104,1,常態,音樂,演出,弦風室內樂集,弦風室內樂集2015年度音樂會,,,鄭德淵,高國香、許瑞坤、劉榮義、蔡永文、蕭慶瑜、蘇顯達
104,1,常態,音樂,演出,盧瓊蓉,2015女高音盧瓊蓉獨唱會,,,鄭德淵,高國香、許瑞坤、劉榮義、蔡永文、蕭慶瑜、蘇顯達
104,1,常態,音樂,演出,林慧寬,絃弦之間─林慧寬與維也納太平洋弦樂四重奏,,,鄭德淵,高國香、許瑞坤、劉榮義、蔡永文、蕭慶瑜、蘇顯達
104,1,常態,音樂,演出,德新獨奏家室內樂團,台灣名家音像系列【涂惠民】,,,鄭德淵,高國香、許瑞坤、劉榮義、蔡永文、蕭慶瑜、蘇顯達
104,1,常態,音樂,演出,文生音樂藝術股份有限公司,炫技美聲~朱利安農‧松莫哈德2015小號獨奏會及大師講座,,,鄭德淵,高國香、許瑞坤、劉榮義、蔡永文、蕭慶瑜、蘇顯達
104,1,常態,音樂,特殊計畫,涴莎室內樂團,涴莎藝術展演中心藝術發展計畫,,,鄭德淵,高國香、許瑞坤、劉榮義、蔡永文、蕭慶瑜、蘇顯達
104,1,常態,音樂,演出,財團法人邱再興文教基金會,財團法人邱再興文教基金會系列音樂會,,,鄭德淵,高國香、許瑞坤、劉榮義、蔡永文、蕭慶瑜、蘇顯達
104,1,常態,音樂,演出,台北市中華基督教青年會聖樂合唱團,台北YMCA「契考．古諾．彌撒之美」演唱會,,,鄭德淵,高國香、許瑞坤、劉榮義、蔡永文、蕭慶瑜、蘇顯達
104,1,常態,音樂,演出,小巨人絲竹樂團,【絲弦情】-絲竹室內樂系列音樂會二場,,,鄭德淵,高國香、許瑞坤、劉榮義、蔡永文、蕭慶瑜、蘇顯達
104,1,常態,音樂,演出,財團法人擊樂文教基金會,2015朱宗慶打擊樂團兒童音樂會,,,鄭德淵,高國香、許瑞坤、劉榮義、蔡永文、蕭慶瑜、蘇顯達
104,1,常態,音樂,演出,財團法人擊樂文教基金會,2015朱宗慶打擊樂團年度音樂會,,,鄭德淵,高國香、許瑞坤、劉榮義、蔡永文、蕭慶瑜、蘇顯達
104,1,常態,音樂,研習進修演出,曉韵古樂團,曉韵2015年巴洛克音樂推廣計畫,,,鄭德淵,高國香、許瑞坤、劉榮義、蔡永文、蕭慶瑜、蘇顯達
104,1,常態,音樂,演出,林筱純,林筱純中提琴獨奏會《I'MHERE》,,,鄭德淵,高國香、許瑞坤、劉榮義、蔡永文、蕭慶瑜、蘇顯達
104,1,常態,音樂,演出,南台灣室內樂協會團,VoyageStringQuartet2015Concert,,,鄭德淵,高國香、許瑞坤、劉榮義、蔡永文、蕭慶瑜、蘇顯達
104,1,常態,音樂,演出,吳正宇,2015一支獨秀系列（五）《十絕句》,,,鄭德淵,高國香、許瑞坤、劉榮義、蔡永文、蕭慶瑜、蘇顯達
104,1,常態,音樂,演出,陽光台北交響樂團,法蘭西拉羅．西班牙風情,,,鄭德淵,高國香、許瑞坤、劉榮義、蔡永文、蕭慶瑜、蘇顯達
104,1,常態,音樂,演出,庫普蘭巴洛克合奏團,18世紀歐洲宮廷音樂系列（六）天籟-古提琴獨奏,,,鄭德淵,高國香、許瑞坤、劉榮義、蔡永文、蕭慶瑜、蘇顯達
104,1,常態,音樂,演出,台北愛樂歌劇坊,莫札特《喬凡尼先生》,,,鄭德淵,高國香、許瑞坤、劉榮義、蔡永文、蕭慶瑜、蘇顯達
104,1,常態,音樂,演出,春之聲管弦樂團,《夏・舞》春之聲管弦樂團第67次定期音樂會,,,鄭德淵,高國香、許瑞坤、劉榮義、蔡永文、蕭慶瑜、蘇顯達
104,1,常態,音樂,演出,黃楚涵,灰色燦爛-2015黃楚涵鋼琴獨奏會,,,鄭德淵,高國香、許瑞坤、劉榮義、蔡永文、蕭慶瑜、蘇顯達
104,1,常態,音樂,演出,自由人室內樂團,亦樂非詩-自由即興跨國交流音樂會,,,鄭德淵,高國香、許瑞坤、劉榮義、蔡永文、蕭慶瑜、蘇顯達
104,1,常態,音樂,演出,中華民國電腦音樂學會,管絃與電聲的對話,,,鄭德淵,高國香、許瑞坤、劉榮義、蔡永文、蕭慶瑜、蘇顯達
104,1,常態,音樂,演出,台北愛樂室內合唱團,時‧光‧旅人─台北愛樂室內合唱團音樂會暨台灣巡演,,,鄭德淵,高國香、許瑞坤、劉榮義、蔡永文、蕭慶瑜、蘇顯達
104,1,常態,音樂,演出,拉縴人男聲合唱團,暗戀男聲系列27－當代的交輝,,,鄭德淵,高國香、許瑞坤、劉榮義、蔡永文、蕭慶瑜、蘇顯達
104,1,常態,音樂,演出,台灣絃樂團,嘻音哈樂系列Ⅸ,,,鄭德淵,高國香、許瑞坤、劉榮義、蔡永文、蕭慶瑜、蘇顯達
104,1,常態,音樂,演出,黃好吟,黃好吟古箏演奏會,,,鄭德淵,高國香、許瑞坤、劉榮義、蔡永文、蕭慶瑜、蘇顯達
104,1,常態,音樂,演出,台灣竹樂團,竹樂小學堂II,,,鄭德淵,高國香、許瑞坤、劉榮義、蔡永文、蕭慶瑜、蘇顯達
104,1,常態,音樂,演出,台灣室內樂藝術推廣協會,巴赫音樂會系列五《晚期巴赫》,,,鄭德淵,高國香、許瑞坤、劉榮義、蔡永文、蕭慶瑜、蘇顯達
104,1,常態,音樂,演出,樂享室內樂團,菁英音樂家-2015室內樂音樂會,,,鄭德淵,高國香、許瑞坤、劉榮義、蔡永文、蕭慶瑜、蘇顯達
104,1,常態,音樂,演出,蔚藍之聲,2015蔚藍之聲十週年音樂會「十載幸福」,,,鄭德淵,高國香、許瑞坤、劉榮義、蔡永文、蕭慶瑜、蘇顯達
104,1,常態,音樂,演出,福爾摩沙合唱團,福爾摩沙合唱團2015系列音樂會之二《默禱》：蕭泰然先生祈福音樂會,,,鄭德淵,高國香、許瑞坤、劉榮義、蔡永文、蕭慶瑜、蘇顯達
104,1,常態,音樂,演出,鍾家瑋,2015鍾家瑋鋼琴獨奏會─心情故事系列二,,,鄭德淵,高國香、許瑞坤、劉榮義、蔡永文、蕭慶瑜、蘇顯達
104,1,常態,音樂,演出,活水室內樂團,情偷．西班牙,,,鄭德淵,高國香、許瑞坤、劉榮義、蔡永文、蕭慶瑜、蘇顯達
104,1,常態,音樂,演出,桃園交響管樂團,與大師對話,,,鄭德淵,高國香、許瑞坤、劉榮義、蔡永文、蕭慶瑜、蘇顯達
104,1,常態,音樂,演出,高雄室內合唱團,2015國人創作之夜3─我們的土地，高雄的歌3,,,鄭德淵,高國香、許瑞坤、劉榮義、蔡永文、蕭慶瑜、蘇顯達
104,1,常態,音樂,演出,橦室內樂團,維也納太平洋弦樂四重奏台灣音樂會(二),,,鄭德淵,高國香、許瑞坤、劉榮義、蔡永文、蕭慶瑜、蘇顯達
104,1,常態,音樂,演出,對位室內樂團,《民謠綺想》精緻室內樂系列之一,,,鄭德淵,高國香、許瑞坤、劉榮義、蔡永文、蕭慶瑜、蘇顯達
104,1,常態,音樂,演出,台灣作曲家協會,東南西北正開始─潘皇龍七十賀壽音樂會,,,鄭德淵,高國香、許瑞坤、劉榮義、蔡永文、蕭慶瑜、蘇顯達
104,1,常態,音樂,演出,傳大藝術事業有限公司,德勒斯登聖十字合唱團,,,鄭德淵,高國香、許瑞坤、劉榮義、蔡永文、蕭慶瑜、蘇顯達
104,1,常態,音樂,演出,巫欣璇,2015巫欣璇打擊樂獨奏會,,,鄭德淵,高國香、許瑞坤、劉榮義、蔡永文、蕭慶瑜、蘇顯達
104,1,常態,音樂,演出,臺灣管樂團,RodneyWinther與臺灣管樂團,,,鄭德淵,高國香、許瑞坤、劉榮義、蔡永文、蕭慶瑜、蘇顯達
104,1,常態,音樂,演出,Star-星樂集室內樂團,EightSeasons–小提琴與手風琴的四季風情,,,鄭德淵,高國香、許瑞坤、劉榮義、蔡永文、蕭慶瑜、蘇顯達
104,1,常態,音樂,演出,南台灣室內樂協會團,HommageaBach-VictorCooCelloRecital2015,,,鄭德淵,高國香、許瑞坤、劉榮義、蔡永文、蕭慶瑜、蘇顯達
104,1,常態,音樂,演出,高雄市管樂團,高雄市管樂團2015解說音樂會,,,鄭德淵,高國香、許瑞坤、劉榮義、蔡永文、蕭慶瑜、蘇顯達
104,1,常態,音樂,演出,歐普思室內樂集,音樂零時差MatchPoint,,,鄭德淵,高國香、許瑞坤、劉榮義、蔡永文、蕭慶瑜、蘇顯達
104,1,常態,音樂,演出,新逸藝術室內樂團,藝術家的愛情故事-男高音張志成演唱會,,,鄭德淵,高國香、許瑞坤、劉榮義、蔡永文、蕭慶瑜、蘇顯達
104,1,常態,音樂,演出,美娃斯藝術,「經典名曲歌謠~琴聲和鳴樂幽揚」音樂欣賞會(澎湖場又名「菊島音樂風情篇~經典名曲說唱音樂欣賞會~」),,,鄭德淵,高國香、許瑞坤、劉榮義、蔡永文、蕭慶瑜、蘇顯達
104,1,常態,音樂,演出,中華民國聲樂家協會,陳慶堅醫師德文藝術歌曲獎學金優勝者音樂會,,,鄭德淵,高國香、許瑞坤、劉榮義、蔡永文、蕭慶瑜、蘇顯達
104,1,常態,音樂,演出,陳永禎,藍調習作2015陳永禎鋼琴獨奏會,,,鄭德淵,高國香、許瑞坤、劉榮義、蔡永文、蕭慶瑜、蘇顯達
104,1,常態,舞蹈,研習進修,安娜琪舞蹈劇場,2015台北動作實驗室(MLT),,,吳素芬,金崇慧、黃本婷、楊美蓉、趙玉玲、蘇安莉、顧哲誠
104,1,常態,舞蹈,演出,廖末喜舞蹈劇場,廖末喜舞蹈劇場2015「洄游舞集－水啊！水啊！」,,,吳素芬,金崇慧、黃本婷、楊美蓉、趙玉玲、蘇安莉、顧哲誠
104,1,常態,舞蹈,演出,人體舞蹈劇場,CrossLife,,,吳素芬,金崇慧、黃本婷、楊美蓉、趙玉玲、蘇安莉、顧哲誠
104,1,常態,舞蹈,演出,光環舞集舞蹈團,104年度新作劉紹爐逝世一周年紀念演出《騷動—聽舞觀聲》(名稱暫定)首演暨巡迴,,,吳素芬,金崇慧、黃本婷、楊美蓉、趙玉玲、蘇安莉、顧哲誠
104,1,常態,舞蹈,策展,8213肢體舞蹈劇場,無窮動─獨綻2015台港澳城市連線,,,吳素芬,金崇慧、黃本婷、楊美蓉、趙玉玲、蘇安莉、顧哲誠
104,1,常態,舞蹈,演出,財團法人天主教蘭陽青年會附設蘭陽舞蹈台北團,《仲夏夜狂想曲》,,,吳素芬,金崇慧、黃本婷、楊美蓉、趙玉玲、蘇安莉、顧哲誠
104,1,常態,舞蹈,演出,高雄城市芭蕾舞團,高雄城市芭蕾舞團<全本芭蕾舞劇-胡桃鉗Nutcracker>,,,吳素芬,金崇慧、黃本婷、楊美蓉、趙玉玲、蘇安莉、顧哲誠
104,1,常態,舞蹈,演出,福爾摩沙芭蕾舞團,當芭蕾遇見國樂,,,吳素芬,金崇慧、黃本婷、楊美蓉、趙玉玲、蘇安莉、顧哲誠
104,1,常態,舞蹈,演出,蒂摩爾古薪舞集,蒂摩爾古薪舞集2015《Zemiyan．面聚》,,,吳素芬,金崇慧、黃本婷、楊美蓉、趙玉玲、蘇安莉、顧哲誠
104,1,常態,舞蹈,演出,三十舞蹈劇場,三十沙龍創作空間2015,,,吳素芬,金崇慧、黃本婷、楊美蓉、趙玉玲、蘇安莉、顧哲誠
104,1,常態,舞蹈,演出,稻草人現代舞蹈團,稻草人舞團2015當代舞蹈劇場作品《軌‧跡WindScar》,,,吳素芬,金崇慧、黃本婷、楊美蓉、趙玉玲、蘇安莉、顧哲誠
104,1,常態,舞蹈,研習進修,蔡孟霙空間舞團,2015玩‧身體,,,吳素芬,金崇慧、黃本婷、楊美蓉、趙玉玲、蘇安莉、顧哲誠
104,1,常態,舞蹈,演出,世紀當代舞團,《失憶中‧玩笑篇》,,,吳素芬,金崇慧、黃本婷、楊美蓉、趙玉玲、蘇安莉、顧哲誠
104,1,常態,舞蹈,演出,8213肢體舞蹈劇場,四十仍惑之乎者也,,,吳素芬,金崇慧、黃本婷、楊美蓉、趙玉玲、蘇安莉、顧哲誠
104,1,常態,舞蹈,演出,TAI身體劇場,「水路」,,,吳素芬,金崇慧、黃本婷、楊美蓉、趙玉玲、蘇安莉、顧哲誠
104,1,常態,舞蹈,演出,蔡孟霙空間舞團,【打開門】Tatiana與孟霙2015INDANCE編舞計畫Ⅰ,,,吳素芬,金崇慧、黃本婷、楊美蓉、趙玉玲、蘇安莉、顧哲誠
104,1,常態,舞蹈,演出,安娜琪舞蹈劇場,2015春季新作《我們》,,,吳素芬,金崇慧、黃本婷、楊美蓉、趙玉玲、蘇安莉、顧哲誠
104,1,常態,舞蹈,演出,新象股份有限公司,貝嘉芭蕾舞團,,,吳素芬,金崇慧、黃本婷、楊美蓉、趙玉玲、蘇安莉、顧哲誠
104,1,常態,舞蹈,演出,藝之美有限公司,theRootsbyKaderAttou與工作坊,,,吳素芬,金崇慧、黃本婷、楊美蓉、趙玉玲、蘇安莉、顧哲誠
104,1,常態,舞蹈,演出,舞蹈空間舞蹈團,《紅與白》巡迴演出,,,吳素芬,金崇慧、黃本婷、楊美蓉、趙玉玲、蘇安莉、顧哲誠
104,1,常態,舞蹈,研習進修,高雄市左派舞蹈協會,2015國際青春編舞營,,,吳素芬,金崇慧、黃本婷、楊美蓉、趙玉玲、蘇安莉、顧哲誠
104,1,常態,舞蹈,演出,世紀當代舞團,「孵夢劇場Ⅱ」,,,吳素芬,金崇慧、黃本婷、楊美蓉、趙玉玲、蘇安莉、顧哲誠
104,1,常態,舞蹈,研習進修,屏東縣舞蹈文化創意協會,2015舞蹈創意人才培訓計畫,,,吳素芬,金崇慧、黃本婷、楊美蓉、趙玉玲、蘇安莉、顧哲誠
104,1,常態,舞蹈,演出,台北皇家芭蕾舞團,第七屆全國芭蕾舞大賽~台北皇家芭蕾舞團創作芭蕾公演,,,吳素芬,金崇慧、黃本婷、楊美蓉、趙玉玲、蘇安莉、顧哲誠
104,1,常態,舞蹈,演出,財團法人雲門文化藝術基金會,雲門舞集2015年度公演「烟」「水月」,,,吳素芬,金崇慧、黃本婷、楊美蓉、趙玉玲、蘇安莉、顧哲誠
104,1,常態,舞蹈,演出,蘭陵芭蕾舞團,愛麗絲夢遊仙境,,,吳素芬,金崇慧、黃本婷、楊美蓉、趙玉玲、蘇安莉、顧哲誠
104,1,常態,舞蹈,演出,張婷婷TTCDance獨立製作,《肢色系列2：時空抽屜》,,,吳素芬,金崇慧、黃本婷、楊美蓉、趙玉玲、蘇安莉、顧哲誠
104,1,常態,舞蹈,演出,國際舞星芭蕾舞團,「LifeinProgress」西薇.姬蘭告別-2015舞台世界巡迴,,,吳素芬,金崇慧、黃本婷、楊美蓉、趙玉玲、蘇安莉、顧哲誠
104,1,常態,舞蹈,演出,新古典舞團,《客風‧漂鳥之歌》巡演~新竹縣、新北市、屏東六堆,,,吳素芬,金崇慧、黃本婷、楊美蓉、趙玉玲、蘇安莉、顧哲誠
104,1,常態,舞蹈,演出,小事製作,小事製作2015年度首演製作《生活是甜蜜》ache&moan,,,吳素芬,金崇慧、黃本婷、楊美蓉、趙玉玲、蘇安莉、顧哲誠
104,1,常態,舞蹈,演出,古名伸舞蹈團,i-danceTaipei2015國際愛跳舞即興節,,,吳素芬,金崇慧、黃本婷、楊美蓉、趙玉玲、蘇安莉、顧哲誠
104,1,常態,舞蹈,演出,大唐民族舞團,情穿水雲間,,,吳素芬,金崇慧、黃本婷、楊美蓉、趙玉玲、蘇安莉、顧哲誠
104,1,常態,舞蹈,演出,高雄城市芭蕾舞團,2015高雄城市芭蕾舞團<芭蕾夢花園>38巡演計劃,,,吳素芬,金崇慧、黃本婷、楊美蓉、趙玉玲、蘇安莉、顧哲誠
104,1,常態,舞蹈,演出,長弓舞蹈劇場,2015【長弓舞蹈劇場】年度製作《心動》,,,吳素芬,金崇慧、黃本婷、楊美蓉、趙玉玲、蘇安莉、顧哲誠
104,1,常態,舞蹈,研習進修,驫舞劇場,2015《聲體˙身音˙田野》創作研習營,,,吳素芬,金崇慧、黃本婷、楊美蓉、趙玉玲、蘇安莉、顧哲誠
104,1,常態,舞蹈,演出研習進修,曙光種籽舞團,【跳舞吧啟動身體時間軸】,,,吳素芬,金崇慧、黃本婷、楊美蓉、趙玉玲、蘇安莉、顧哲誠
104,1,常態,舞蹈,演出,舞蹈生態系創意團隊,舞‧生態─失溼，喚水,,,吳素芬,金崇慧、黃本婷、楊美蓉、趙玉玲、蘇安莉、顧哲誠
104,1,常態,舞蹈,演出,風乎舞雩跨領域創作聚團,2015-2016顏鳳曦與風乎舞雩舞者們風之旅,,,吳素芬,金崇慧、黃本婷、楊美蓉、趙玉玲、蘇安莉、顧哲誠
104,1,常態,舞蹈,研習進修,福爾摩沙芭蕾舞團,2015國際舞蹈研習營,,,吳素芬,金崇慧、黃本婷、楊美蓉、趙玉玲、蘇安莉、顧哲誠
104,1,常態,舞蹈,演出,體相舞蹈劇場,紀錄片,,,吳素芬,金崇慧、黃本婷、楊美蓉、趙玉玲、蘇安莉、顧哲誠
104,1,常態,舞蹈,演出,賴翠霜舞創劇場,《Blackout-記憶出軌》,,,吳素芬,金崇慧、黃本婷、楊美蓉、趙玉玲、蘇安莉、顧哲誠
104,1,常態,戲劇(曲),研習進修,南島十八劇場,亞洲當代身體的意識--霜田誠二行為藝術工作坊,,,陳正熙,江武昌、李國俊、杜思慧、汪俊彥、紀慧玲、黎家齊
104,1,常態,戲劇(曲),演出,唐美雲歌仔戲團,2015年度新戲《文成公主─甲木薩》演出計畫,,,陳正熙,江武昌、李國俊、杜思慧、汪俊彥、紀慧玲、黎家齊
104,1,常態,戲劇(曲),演出,上西園掌中劇團,兄弟聯演--精緻傳統布袋戲《金眼國》,,,陳正熙,江武昌、李國俊、杜思慧、汪俊彥、紀慧玲、黎家齊
104,1,常態,戲劇(曲),演出,集體獨立製作,《目前想不到》,,,陳正熙,江武昌、李國俊、杜思慧、汪俊彥、紀慧玲、黎家齊
104,1,常態,戲劇(曲),演出,臺北木偶劇團,臺北木偶劇團2015年度大戲《咦!天頂哪會破一個空》,,,陳正熙,江武昌、李國俊、杜思慧、汪俊彥、紀慧玲、黎家齊
104,1,常態,戲劇(曲),特殊計畫,財團法人優人文化藝術基金會,「TheWorkcenterofJerzyGrotowskiandThomasRichards」表演藝術交流國際計畫,,,陳正熙,江武昌、李國俊、杜思慧、汪俊彥、紀慧玲、黎家齊
104,1,常態,戲劇(曲),演出,新樂園戲劇團,2015看見客家魅力~『命運天註定』新戲巡演計畫,,,陳正熙,江武昌、李國俊、杜思慧、汪俊彥、紀慧玲、黎家齊
104,1,常態,戲劇(曲),演出,阮劇團,阮劇團2015秋季製作《愛錢A恰恰》,,,陳正熙,江武昌、李國俊、杜思慧、汪俊彥、紀慧玲、黎家齊
104,1,常態,戲劇(曲),演出,蕭添鎮民俗布袋戲團,掌中舞原鄉布袋戲巡演,,,陳正熙,江武昌、李國俊、杜思慧、汪俊彥、紀慧玲、黎家齊
104,1,常態,戲劇(曲),演出,偶偶偶劇團,偶偶偶劇團《玩偶弄戲慶十五》演出系列活動,,,陳正熙,江武昌、李國俊、杜思慧、汪俊彥、紀慧玲、黎家齊
104,1,常態,戲劇(曲),研習進修,曾歆雁,麥可契訶夫表演技巧國際工作坊,,,陳正熙,江武昌、李國俊、杜思慧、汪俊彥、紀慧玲、黎家齊
104,1,常態,戲劇(曲),研習進修,無獨有偶工作室劇團,2015國際交流《專業懸絲偶大師班II》,,,陳正熙,江武昌、李國俊、杜思慧、汪俊彥、紀慧玲、黎家齊
104,1,常態,戲劇(曲),演出,創作社劇團,《愛滋味》創作社劇團,,,陳正熙,江武昌、李國俊、杜思慧、汪俊彥、紀慧玲、黎家齊
104,1,常態,戲劇(曲),演出,莎士比亞的妹妹們的劇團,莎妹劇團二十周年經典重現系列《踏青去SkinTouching》,,,陳正熙,江武昌、李國俊、杜思慧、汪俊彥、紀慧玲、黎家齊
104,1,常態,戲劇(曲),演出,台南人劇團,《阿拉伯之夜》,,,陳正熙,江武昌、李國俊、杜思慧、汪俊彥、紀慧玲、黎家齊
104,1,常態,戲劇(曲),演出,木子遊藝室,老師的秘密,,,陳正熙,江武昌、李國俊、杜思慧、汪俊彥、紀慧玲、黎家齊
104,1,常態,戲劇(曲),演出,臺北木偶劇團,臺北木偶劇團【紀州庵】展演計畫,,,陳正熙,江武昌、李國俊、杜思慧、汪俊彥、紀慧玲、黎家齊
104,1,常態,戲劇(曲),演出,真快樂掌中劇團,「丹心救主」上下集三代同堂演出計畫,,,陳正熙,江武昌、李國俊、杜思慧、汪俊彥、紀慧玲、黎家齊
104,1,常態,戲劇(曲),演出,讀演劇人,《愛的兩國論》演出計畫,,,陳正熙,江武昌、李國俊、杜思慧、汪俊彥、紀慧玲、黎家齊
104,1,常態,戲劇(曲),演出,複象公場,複象公場三號作品《貝克特計畫》,,,陳正熙,江武昌、李國俊、杜思慧、汪俊彥、紀慧玲、黎家齊
104,1,常態,戲劇(曲),演出,人力飛行劇團,2015《星光劇院》,,,陳正熙,江武昌、李國俊、杜思慧、汪俊彥、紀慧玲、黎家齊
104,1,常態,戲劇(曲),演出,演摩莎劇團,《謝土》,,,陳正熙,江武昌、李國俊、杜思慧、汪俊彥、紀慧玲、黎家齊
104,1,常態,戲劇(曲),演出,EX－亞洲劇團,EX-亞洲劇團【亞洲假日劇場】雙戲聯演,,,陳正熙,江武昌、李國俊、杜思慧、汪俊彥、紀慧玲、黎家齊
104,1,常態,戲劇(曲),演出,三缺一劇團,《獨。姝》,,,陳正熙,江武昌、李國俊、杜思慧、汪俊彥、紀慧玲、黎家齊
104,1,常態,戲劇(曲),演出,差事劇團,《女媧變身》演出計畫,,,陳正熙,江武昌、李國俊、杜思慧、汪俊彥、紀慧玲、黎家齊
104,1,常態,戲劇(曲),演出,財團法人優人文化藝術基金會,2015優人神鼓山上劇場公演《生日》,,,陳正熙,江武昌、李國俊、杜思慧、汪俊彥、紀慧玲、黎家齊
104,1,常態,戲劇(曲),演出,果陀劇場,舞台劇《五斗米靠腰》2015全台巡演,,,陳正熙,江武昌、李國俊、杜思慧、汪俊彥、紀慧玲、黎家齊
104,1,常態,戲劇(曲),演出,紅潮劇集,《SSRI之後-啞狗男人》,,,陳正熙,江武昌、李國俊、杜思慧、汪俊彥、紀慧玲、黎家齊
104,1,常態,戲劇(曲),演出,明華園日團歌仔戲,2015看見藝術新生命-『遣之獸』新戲發表演出計畫,,,陳正熙,江武昌、李國俊、杜思慧、汪俊彥、紀慧玲、黎家齊
104,1,常態,戲劇(曲),演出,全西園掌中劇團,精選連本戲《北派英雄傳》,,,陳正熙,江武昌、李國俊、杜思慧、汪俊彥、紀慧玲、黎家齊
104,1,常態,戲劇(曲),演出,藝人歌劇團,「武則天之女皇之路」岡山演藝廳演出計畫,,,陳正熙,江武昌、李國俊、杜思慧、汪俊彥、紀慧玲、黎家齊
104,1,常態,戲劇(曲),演出,雲林五洲小桃源掌中劇團,藝文中心推廣計畫,,,陳正熙,江武昌、李國俊、杜思慧、汪俊彥、紀慧玲、黎家齊
104,1,常態,戲劇(曲),演出,冉而山劇場,冉而山劇場2015風的叮嚀部落巡演《永恆的妮雅廬》,,,陳正熙,江武昌、李國俊、杜思慧、汪俊彥、紀慧玲、黎家齊
104,1,常態,戲劇(曲),演出,1911劇團,《BlueJohn不如這樣吧》,,,陳正熙,江武昌、李國俊、杜思慧、汪俊彥、紀慧玲、黎家齊
104,1,常態,戲劇(曲),演出,義興閣掌中劇團,週末連續劇－走入內台戲的時光隧道,,,陳正熙,江武昌、李國俊、杜思慧、汪俊彥、紀慧玲、黎家齊
104,1,常態,戲劇(曲),演出,盜火劇團,2015冬季製作HowToEatFaust系列《電臺屍令II：大戰屋》,,,陳正熙,江武昌、李國俊、杜思慧、汪俊彥、紀慧玲、黎家齊
104,1,常態,戲劇(曲),演出,狂想劇場,2015全新製作《解》,,,陳正熙,江武昌、李國俊、杜思慧、汪俊彥、紀慧玲、黎家齊
104,1,常態,戲劇(曲),演出,Lyric'sstudio人从众創作体,2015台北x檳城記念黃冠煜計劃《惜陽》《收信快樂》,,,陳正熙,江武昌、李國俊、杜思慧、汪俊彥、紀慧玲、黎家齊
104,1,常態,戲劇(曲),演出,許亞芬歌子戲劇坊,《千古一帝－秦始皇》,,,陳正熙,江武昌、李國俊、杜思慧、汪俊彥、紀慧玲、黎家齊
104,1,常態,戲劇(曲),演出,昇平五洲園,年度創編劇目巡演─《黑金英雄淚》,,,陳正熙,江武昌、李國俊、杜思慧、汪俊彥、紀慧玲、黎家齊
104,1,常態,戲劇(曲),演出,莫比斯圓環創作公社,禪創作計畫二部曲《跟著沙彌跳月去》,,,陳正熙,江武昌、李國俊、杜思慧、汪俊彥、紀慧玲、黎家齊
104,1,常態,戲劇(曲),演出,紙風車劇團,順風耳的新香爐,,,陳正熙,江武昌、李國俊、杜思慧、汪俊彥、紀慧玲、黎家齊
104,1,常態,戲劇(曲),演出,阿伯樂戲工場,《我的阿嬤是古肥玀》,,,陳正熙,江武昌、李國俊、杜思慧、汪俊彥、紀慧玲、黎家齊
104,1,常態,戲劇(曲),演出,同黨劇團,第三屆當代經典讀劇節,,,陳正熙,江武昌、李國俊、杜思慧、汪俊彥、紀慧玲、黎家齊
104,1,常態,戲劇(曲),研習進修,蘭庭崑劇團,蘭庭2015崑曲研習進修計畫,,,陳正熙,江武昌、李國俊、杜思慧、汪俊彥、紀慧玲、黎家齊
104,1,常態,戲劇(曲),演出,笑太夫漫才集團,達康笑現場《五百（塊）の笑夜晚風》,,,陳正熙,江武昌、李國俊、杜思慧、汪俊彥、紀慧玲、黎家齊
104,1,常態,戲劇(曲),演出,九歌兒童劇團,九歌兒童劇團2015年度公演《長生不老的祕密》,,,陳正熙,江武昌、李國俊、杜思慧、汪俊彥、紀慧玲、黎家齊
104,1,常態,戲劇(曲),研習進修,偶寶貝劇團,【偶兒聚聚】偶戲演員培訓暨推廣計畫,,,陳正熙,江武昌、李國俊、杜思慧、汪俊彥、紀慧玲、黎家齊
104,1,常態,戲劇(曲),演出,方式馬戲,新馬戲創作發表《距離》,,,陳正熙,江武昌、李國俊、杜思慧、汪俊彥、紀慧玲、黎家齊
104,1,常態,戲劇(曲),演出,末路小花,《桌遊》,,,陳正熙,江武昌、李國俊、杜思慧、汪俊彥、紀慧玲、黎家齊
104,1,常態,戲劇(曲),演出,影響．新劇場,2015《尋找彼得潘》演出計畫書,,,陳正熙,江武昌、李國俊、杜思慧、汪俊彥、紀慧玲、黎家齊
104,1,常態,戲劇(曲),研習進修,御綺歌劇團,2015年北管傳習計畫,,,陳正熙,江武昌、李國俊、杜思慧、汪俊彥、紀慧玲、黎家齊
104,1,常態,戲劇(曲),演出,表演工作坊,夜夜說相聲,,,陳正熙,江武昌、李國俊、杜思慧、汪俊彥、紀慧玲、黎家齊
104,1,常態,戲劇(曲),演出,淑芬歌劇團,2015戲藝風華-新編歌仔戲「長生刺」展演,,,陳正熙,江武昌、李國俊、杜思慧、汪俊彥、紀慧玲、黎家齊
104,1,常態,戲劇(曲),演出,愛慕劇團,愛慕劇團第三號作品《殺不住》演出計劃,,,陳正熙,江武昌、李國俊、杜思慧、汪俊彥、紀慧玲、黎家齊
104,1,常態,文化資產,調查與研究,温毓禎,原住民文化與當代信仰之共生共存—以台東地區布農族群改宗一貫道為例,,,阮昌銳,許美雲、黃志農、賴澤涵、謝宗榮
104,1,常態,文化資產,調查與研究,張二文,追憶的容顏─高雄地區祖宗畫像與畫師的調查研究,,,阮昌銳,許美雲、黃志農、賴澤涵、謝宗榮
104,1,常態,文化資產,調查與研究,社團法人台灣歷史資源經理學會,日本時代臺灣地方文史研究─以日人土木營造會社「高石組」為中心,,,阮昌銳,許美雲、黃志農、賴澤涵、謝宗榮
104,1,常態,文化資產,調查與研究,陳淑華,台灣閩客料理詞彙採集與比較,,,阮昌銳,許美雲、黃志農、賴澤涵、謝宗榮
104,1,常態,文化資產,調查與研究,吳瑞真,蛻變的金門─內在文化的醞釀發展與外在文化的導入轉化,,,阮昌銳,許美雲、黃志農、賴澤涵、謝宗榮
104,1,常態,文化資產,出版,陳信慶,製作紀錄片：美麗稻穗_普悠瑪陸森寶,,,阮昌銳,許美雲、黃志農、賴澤涵、謝宗榮
104,1,常態,文化資產,調查與研究,郭吉清,隱藏的符碼─高雄地區平埔族信仰遺跡田調計畫,,,阮昌銳,許美雲、黃志農、賴澤涵、謝宗榮
104,1,常態,文化資產,研習進修,財團法人吳三連台灣史料基金會,夏季學校第18回研習營：文化行動力、改變台灣ING,,,阮昌銳,許美雲、黃志農、賴澤涵、謝宗榮
104,1,常態,文化資產,調查與研究,林秀昭,兩溪流域之北客人口結構分析研究~~以日治時期為例,,,阮昌銳,許美雲、黃志農、賴澤涵、謝宗榮
104,1,常態,文化資產,調查與研究,財團法人古都保存再生文教基金會,臺南市舊城區常民生活米糧相關文化資產調查計劃第一期(共兩期),,,阮昌銳,許美雲、黃志農、賴澤涵、謝宗榮
104,1,常態,文化資產,出版,南方家園文化事業有限公司,《帶著小提琴去革命──簡吉和他的青春台灣》圖片故事典藏集,,,阮昌銳,許美雲、黃志農、賴澤涵、謝宗榮
104,1,常態,文化資產,研討會,紙文物維護學會,名方再世-文物維護實務研討會,,,阮昌銳,許美雲、黃志農、賴澤涵、謝宗榮
104,1,常態,文化資產,調查與研究,屏東縣文化資產維護學會,屏東縣內埔鄉第一、二古墓田野調查與研究計畫,,,阮昌銳,許美雲、黃志農、賴澤涵、謝宗榮
104,1,常態,藝文環境與發展,調查與研究,盧貞穎,國家級童書中心的經營規劃─以英國國家童書中心七故事中心為例,,,柯基良,李彥甫、李應平、胡永芬、黃麗宇、簡秀枝
104,1,常態,藝文環境與發展,藝文專業服務平台計畫,台灣種子文化協會,全國眷村文化整合行銷暨網站建置計畫,,,柯基良,李彥甫、李應平、胡永芬、黃麗宇、簡秀枝
104,1,常態,藝文環境與發展,藝文專業服務平台計畫,藝畝田藝文工作室,2015高雄藝文產銷平台推廣計畫,,,柯基良,李彥甫、李應平、胡永芬、黃麗宇、簡秀枝
104,1,常態,藝文環境與發展,藝文專業服務平台計畫,絕對空間藝術工作室,絕對空間文化藝術推廣實驗計畫,,,柯基良,李彥甫、李應平、胡永芬、黃麗宇、簡秀枝
104,1,常態,藝文環境與發展,調查與研究,陳怡慈,開啟交流之門：出版上下游產業工作情況紀錄,,,柯基良,李彥甫、李應平、胡永芬、黃麗宇、簡秀枝
104,1,常態,藝文環境與發展,藝文智庫應用計畫,社團法人中華民國視覺藝術協會,台灣當代藝術資料庫建置暨網站改版計畫：裝置、攝影、錄像、新媒體藝術,,,柯基良,李彥甫、李應平、胡永芬、黃麗宇、簡秀枝
104,1,常態,藝文環境與發展,藝文專業服務平台計畫,米家藝文事業有限公司,臺南藝術公社ACT東亞對話網絡服務平台計畫,,,柯基良,李彥甫、李應平、胡永芬、黃麗宇、簡秀枝
104,1,常態,藝文環境與發展,藝文專業服務平台計畫,台灣女性藝術協會,台灣女性藝術協會數位平台資料更新發展與維護,,,柯基良,李彥甫、李應平、胡永芬、黃麗宇、簡秀枝
104,1,常態,藝文環境與發展,藝文智庫應用計畫,財團法人中華民國帝門藝術教育基金會,帝門藝術教育基金會藝術資源平台,,,柯基良,李彥甫、李應平、胡永芬、黃麗宇、簡秀枝
104,1,常態,藝文環境與發展,藝文智庫應用計畫,竹圍工作室,A-I-R智庫應用與推廣計畫,,,柯基良,李彥甫、李應平、胡永芬、黃麗宇、簡秀枝
104,1,常態,藝文環境與發展,藝文專業服務平台計畫,立霧工作坊,霧燈計畫-當代藝術及藝文教育推廣(與社區人文、歷史結合),,,柯基良,李彥甫、李應平、胡永芬、黃麗宇、簡秀枝
104,1,常態,美術,出版,大雁文化事業股份有限公司,攝影觀點,,,曲德益,巴東、姚瑞中、王嘉驥、梅丁衍、徐玫瑩、蔣伯欣
104,1,常態,美術,研討會,台灣台北當代藝術中心協會,公／共製造　台北國際研討會,,,曲德益,巴東、姚瑞中、王嘉驥、梅丁衍、徐玫瑩、蔣伯欣
104,1,常態,美術,展覽,楊金池,KillMeorChange殺了我或改變,,,曲德益,巴東、姚瑞中、王嘉驥、梅丁衍、徐玫瑩、蔣伯欣
104,1,常態,美術,出版,許村旭,《派對上空》紀實攝影三十年影像收錄出版第二期計畫,,,曲德益,巴東、姚瑞中、王嘉驥、梅丁衍、徐玫瑩、蔣伯欣
104,1,常態,美術,展覽,黃可維,空灰PhantomGrey2015創作個展,,,曲德益,巴東、姚瑞中、王嘉驥、梅丁衍、徐玫瑩、蔣伯欣
104,1,常態,美術,展覽,蘭雅工作室,全球商店計劃之檳榔攤系列／鈴木貴彥個展,,,曲德益,巴東、姚瑞中、王嘉驥、梅丁衍、徐玫瑩、蔣伯欣
104,1,常態,美術,展覽,汪正翔,MySceneryOnlyforYou,,"相關出版品：
書名：《MySceneryOnlyforYou：那些不美的台灣風景》
作者：汪正翔
出版社：田園城市
出版日期：2015/10/08
ISBN：9789869229401",曲德益,巴東、姚瑞中、王嘉驥、梅丁衍、徐玫瑩、蔣伯欣
104,1,常態,美術,展覽,郭俞平,中山高,,,曲德益,巴東、姚瑞中、王嘉驥、梅丁衍、徐玫瑩、蔣伯欣
104,1,常態,美術,出版,影言社有限公司,《攝影之聲》攝影藝術獨立雜誌發行計畫,,,曲德益,巴東、姚瑞中、王嘉驥、梅丁衍、徐玫瑩、蔣伯欣
104,1,常態,美術,展覽,吳宣萱,繞行Borderline│吳宣萱影像創作個展,,,曲德益,巴東、姚瑞中、王嘉驥、梅丁衍、徐玫瑩、蔣伯欣
104,1,常態,美術,展覽,牛俊強,2015牛俊強個展,,,曲德益,巴東、姚瑞中、王嘉驥、梅丁衍、徐玫瑩、蔣伯欣
104,1,常態,美術,展覽,草埕文化藝術工作室,「城市傳說」─2015年藝術家駐市暨展覽計畫,,,曲德益,巴東、姚瑞中、王嘉驥、梅丁衍、徐玫瑩、蔣伯欣
104,1,常態,美術,研習進修,財團法人紀慧能藝術文化基金會,第十五屆膠彩畫夏令研習營,,,曲德益,巴東、姚瑞中、王嘉驥、梅丁衍、徐玫瑩、蔣伯欣
104,1,常態,美術,藝術評論,鄭惠文,TheArtofNotBeingGoverned—孟印藝術社群書寫計畫,,,曲德益,巴東、姚瑞中、王嘉驥、梅丁衍、徐玫瑩、蔣伯欣
104,1,常態,美術,展覽,陶亞倫,幻滅中的幻滅,,,曲德益,巴東、姚瑞中、王嘉驥、梅丁衍、徐玫瑩、蔣伯欣
104,1,常態,美術,展覽,杜偉,未竟之謁,,,曲德益,巴東、姚瑞中、王嘉驥、梅丁衍、徐玫瑩、蔣伯欣
104,1,常態,美術,展覽,徐夢涵,不是步伐而是詩Poeticfootsteps,,,曲德益,巴東、姚瑞中、王嘉驥、梅丁衍、徐玫瑩、蔣伯欣
104,1,常態,美術,展覽,周慶輝,人的莊園,,,曲德益,巴東、姚瑞中、王嘉驥、梅丁衍、徐玫瑩、蔣伯欣
104,1,常態,美術,展覽,李亦凡,蛋蛋的哀傷─李亦凡、楊竣傑雙個展,,,曲德益,巴東、姚瑞中、王嘉驥、梅丁衍、徐玫瑩、蔣伯欣
104,1,常態,美術,展覽,周世雄工作室,周世雄台北市立美術館新場域個人展覽-WaitUntilItDries,,本計畫呈現隻展覽名稱為：《等我一億年--周世雄個展》,曲德益,巴東、姚瑞中、王嘉驥、梅丁衍、徐玫瑩、蔣伯欣
104,1,常態,美術,展覽,張夏翡,那年夏天，我去台北了,,,曲德益,巴東、姚瑞中、王嘉驥、梅丁衍、徐玫瑩、蔣伯欣
104,1,常態,美術,展覽,財團法人邱再興文教基金會,亞洲調查-布魯斯米本(BruceYonemoto)台北個展,,,曲德益,巴東、姚瑞中、王嘉驥、梅丁衍、徐玫瑩、蔣伯欣
104,1,常態,美術,展覽,蘇子涵,海平面下,,,曲德益,巴東、姚瑞中、王嘉驥、梅丁衍、徐玫瑩、蔣伯欣
104,1,常態,美術,展覽,戴宛蓁,主人與秘密-戴宛蓁個展,,,曲德益,巴東、姚瑞中、王嘉驥、梅丁衍、徐玫瑩、蔣伯欣
104,1,常態,美術,展覽,齁實驗工作坊,家國之外,,,曲德益,巴東、姚瑞中、王嘉驥、梅丁衍、徐玫瑩、蔣伯欣
104,1,常態,美術,出版,沈昭良,《台灣綜藝團》攝影集,,,曲德益,巴東、姚瑞中、王嘉驥、梅丁衍、徐玫瑩、蔣伯欣
104,1,常態,美術,出版,曹良賓,《中途》攝影集出版計劃,,,曲德益,巴東、姚瑞中、王嘉驥、梅丁衍、徐玫瑩、蔣伯欣
104,1,常態,美術,展覽,蔡懷國,我形我素－玩物以明志、乘物以遊心,,,曲德益,巴東、姚瑞中、王嘉驥、梅丁衍、徐玫瑩、蔣伯欣
104,1,常態,美術,調查與研究,鄭安齊,「相交睬sio-kau-tshap」網站計畫：再探社會脈絡中的藝術(以德國為例),,,曲德益,巴東、姚瑞中、王嘉驥、梅丁衍、徐玫瑩、蔣伯欣
104,1,常態,美術,展覽,羅智信,"Slide,don'tSlip地板項目─羅智信個展",,,曲德益,巴東、姚瑞中、王嘉驥、梅丁衍、徐玫瑩、蔣伯欣
104,1,常態,美術,研習進修,台灣女性藝術協會,「女性凝視-女性藝術家影像創作工作坊」,,,曲德益,巴東、姚瑞中、王嘉驥、梅丁衍、徐玫瑩、蔣伯欣
104,1,常態,美術,展覽,張騰遠,未來圖解,,,曲德益,巴東、姚瑞中、王嘉驥、梅丁衍、徐玫瑩、蔣伯欣
104,1,常態,美術,展覽,絕對空間藝術工作室,《隱退的詩性》張乃文雕塑個展,,,曲德益,巴東、姚瑞中、王嘉驥、梅丁衍、徐玫瑩、蔣伯欣
104,1,常態,美術,展覽,孫以臻,「想像的身體邊界」策展計畫,,,曲德益,巴東、姚瑞中、王嘉驥、梅丁衍、徐玫瑩、蔣伯欣
104,1,常態,美術,展覽,立方計劃空間,《上則星辰，內則德律》,,,曲德益,巴東、姚瑞中、王嘉驥、梅丁衍、徐玫瑩、蔣伯欣
104,1,常態,美術,展覽,曾怡馨,親愛的古德曼小姐,,,曲德益,巴東、姚瑞中、王嘉驥、梅丁衍、徐玫瑩、蔣伯欣
